ID_Don_Hang,Link_Goc,Gia_Hien_Tai,Ten_San_Pham,Label_Khuyen_Mai,Cong_Nghe_Man_Hinh,Gia_Niem_Yet,Gia_Tri_Qua_Tang,Phan_Tram_Giam_Gia,Tuy_Chon_RAM_ROM_1,Tuy_Chon_RAM_ROM_2,Tuy_Chon_RAM_ROM_3,Kich_Thuoc_Man_Hinh,So_Luong_Da_Ban,Trang_Thai_So_Sanh,Tinh_Trang_Hang,Tag_Su_Kien,Diem_Danh_Gia_Sao,Tag_Tra_Gop,Tag_Tra_Gop_Phu,Tag_Trang_Thai_Moi,image,Gia_Bang_So,So_Luong_Da_Ban_So,Doanh_Thu,Product,Quantity,Revenue
1778079858-1,https://www.thegioididong.com/dtdd#c=42&o=13&pi=5,24.990.000₫,"OPPO Find X9s 12GB/256GB
                Mẫu mới",Tổng ưu đãi đến 12 triệu,1.5K+,,,,,256GB,512GB,6.59",,So sánh,Hàng sắp về,,,Mẫu mới,,Mẫu mới,https://cdn.tgdd.vn/Products/Images/42/364792/oppo-find-x9s-cam-thumb-600x600.jpg,24990000,0,0,"OPPO Find X9s 12GB/256GB
                Mẫu mới",0,0
1778079858-2,https://www.thegioididong.com/dtdd#c=42&o=13&pi=5,49.990.000₫,"OPPO Find X9 Ultra 12GB/512GB
                Mẫu mới",Tổng ưu đãi đến 12 triệu,Quad HD+ (2K+),,,,,,,6.82",,So sánh,Hàng sắp về,,,Mẫu mới,,Mẫu mới,,49990000,0,0,"OPPO Find X9 Ultra 12GB/512GB
                Mẫu mới",0,0
1778079858-3,https://www.thegioididong.com/dtdd#c=42&o=13&pi=5,49.990.000₫,Vivo X300 Ultra 16GB/512GB,,Quad HD (2K),,,,,,,6.82",,So sánh,Hàng sắp về,,,,,,,49990000,0,0,Vivo X300 Ultra 16GB/512GB,0,0
1778079858-4,https://www.thegioididong.com/dtdd#c=42&o=13&pi=5,37.590.000₫,iPhone 17 Pro Max 256GB,,Super Retina XDR,37.990.000₫,,-1%,1TB,256GB,512GB,6.9","• Đã bán 219,4k",So sánh,,,4.9,Trả chậm 0%,,,https://cdn.tgdd.vn/Products/Images/42/342679/iphone-17-pro-max-cam-thumb-600x600.jpg,37590000,219400,8247246000000,iPhone 17 Pro Max 256GB,219400,8247246000000
1778079858-5,https://www.thegioididong.com/dtdd#c=42&o=13&pi=5,24.590.000₫,iPhone 17 256GB,,Super Retina XDR,24.990.000₫,,-1%,,256GB,512GB,6.3","• Đã bán 28,3k",So sánh,,,4.9,Trả chậm 0%,,,https://cdn.tgdd.vn/Products/Images/42/342667/iphone-17-xanh-duong-thumb-2-600x600.jpg,24590000,28300,695897000000,iPhone 17 256GB,28300,695897000000
1778079858-6,https://www.thegioididong.com/dtdd#c=42&o=13&pi=5,11.990.000₫,Samsung Galaxy A57 5G 8GB/128GB,Quà  200.000₫,Full HD+,12.490.000₫,200.000₫,-4%,12GB - 256GB,8GB - 128GB,8GB - 256GB,6.7",• Đã bán 371,So sánh,,Online giá rẻ quá,5,Trả chậm 0% trả trước 0đ,,,https://cdn.tgdd.vn/Products/Images/42/363398/samsung-galaxy-a57-tim-thumb-600x600.jpg,11990000,371,4448290000,Samsung Galaxy A57 5G 8GB/128GB,371,4448290000
1778079858-7,https://www.thegioididong.com/dtdd#c=42&o=13&pi=5,32.490.000₫,Samsung Galaxy S26 Ultra 5G 12GB/256GB,Quà  350.000₫,Quad HD+ (2K+),36.990.000₫,350.000₫,-12%,16GB - 1TB,12GB - 256GB,12GB - 512GB,6.9","• Đã bán 5,2k",So sánh,,,5,Trả chậm 0% trả trước 0đ,,,https://cdn.tgdd.vn/Products/Images/42/361951/samsung-galaxy-s26-ultra-12gb-256gb-den-thumb-600x600.jpg,32490000,5200,168948000000,Samsung Galaxy S26 Ultra 5G 12GB/256GB,5200,168948000000
1778079858-8,https://www.thegioididong.com/dtdd#c=42&o=13&pi=5,32.470.000₫,Xiaomi 17 Ultra 5G 16GB/512GB,,1.5K,39.990.000₫,,-18%,,512GB,1TB,6.9",• Đã bán 464,So sánh,,,4.9,Trả chậm 0% trả trước 0đ,,,https://cdn.tgdd.vn/Products/Images/42/361270/xiaomi-17-ultra-den-thumb-600x600.jpg,32470000,464,15066080000,Xiaomi 17 Ultra 5G 16GB/512GB,464,15066080000
1778079858-9,https://www.thegioididong.com/dtdd#c=42&o=13&pi=5,15.990.000₫,OPPO Reno15 5G 8GB/256GB,Quà  1.090.000₫,1.5K,,1.090.000₫,,,8GB,12GB,6.59","• Đã bán 18,3k",So sánh,,,4.9,Trả chậm 0% trả trước 0đ,,,https://cdn.tgdd.vn/Products/Images/42/360238/oppo-reno15-5g-8gb-256gb-xanh-thumb-600x600.jpg,15990000,18300,292617000000,OPPO Reno15 5G 8GB/256GB,18300,292617000000
1778079858-10,https://www.thegioididong.com/dtdd#c=42&o=13&pi=5,13.990.000₫,Vivo V70 FE 5G 8GB/256GB,Quà  600.000₫,1.5K,,600.000₫,,,8GB,12GB,6.83","• Đã bán 2,7k",So sánh,,,5,Trả chậm 0% trả trước 0đ,,,https://cdn.tgdd.vn/Products/Images/42/363466/vivo-v70-fe-8gb-256gb-tim-thumb-1-600x600.jpg,13990000,2700,37773000000,Vivo V70 FE 5G 8GB/256GB,2700,37773000000
1778079858-11,https://www.thegioididong.com/dtdd#c=42&o=13&pi=5,15.690.000₫,realme P4 Power 5G 12GB/256GB,,1.5K,15.990.000₫,,,,,,6.8",• Đã bán 885,So sánh,,,5,Trả chậm 0% trả trước 0đ,,,,15690000,885,13885650000,realme P4 Power 5G 12GB/256GB,885,13885650000
1778079858-12,https://www.thegioididong.com/dtdd#c=42&o=13&pi=5,7.790.000₫,HONOR X8d 8GB/128GB,,Full HD+,8.090.000₫,,-3%,,128GB,256GB,6.77",• Đã bán 497,So sánh,,,5,Trả chậm 0% trả trước 0đ,,,https://cdn.tgdd.vn/Products/Images/42/362919/honor-x8d-8gb-128gb-xanh-thumb-600x600.jpg,7790000,497,3871630000,HONOR X8d 8GB/128GB,497,3871630000
1778079858-13,https://www.thegioididong.com/dtdd#c=42&o=13&pi=5,17.990.000₫,iPhone 15 Plus 128GB,,Super Retina XDR,21.990.000₫,,-18%,,,,6.7","• Đã bán 95,5k",So sánh,,,4.9,Trả chậm 0%,,,,17990000,95500,1718045000000,iPhone 15 Plus 128GB,95500,1718045000000
1778079858-14,https://www.thegioididong.com/dtdd#c=42&o=13&pi=5,34.790.000₫,iPhone 17 Pro 256GB,Quà  50.000₫,Super Retina XDR,34.990.000₫,50.000₫,,1TB,256GB,512GB,6.3","• Đã bán 24,9k",So sánh,,Online giá rẻ quá,4.9,Trả chậm 0%,,,https://cdn.tgdd.vn/Products/Images/42/342676/iphone-17-pro-cam-thumb-600x600.jpg,34790000,24900,866271000000,iPhone 17 Pro 256GB,24900,866271000000
1778079858-15,https://www.thegioididong.com/dtdd#c=42&o=13&pi=5,10.290.000₫,Samsung Galaxy A37 5G 6GB/128GB,Quà  200.000₫,Full HD+,,200.000₫,,8GB - 256GB,6GB - 128GB,8GB - 128GB,6.7","• Đã bán 3,9k",So sánh,,,5,Trả chậm 0% trả trước 0đ,,,https://cdn.tgdd.vn/Products/Images/42/363401/samsung-galaxy-a37-trang-thumb-600x600.jpg,10290000,3900,40131000000,Samsung Galaxy A37 5G 6GB/128GB,3900,40131000000
1778079858-16,https://www.thegioididong.com/dtdd#c=42&o=13&pi=5,21.610.000₫,Xiaomi 17 5G 12GB/256GB,,1.5K,26.990.000₫,,-19%,,256GB,512GB,6.3",• Đã bán 1k,So sánh,,,4.9,Trả chậm 0% trả trước 0đ,,,https://cdn.tgdd.vn/Products/Images/42/361269/xiaomi-17-xanh-la-thumb-600x600.jpg,21610000,1000,21610000000,Xiaomi 17 5G 12GB/256GB,1000,21610000000
1778079858-17,https://www.thegioididong.com/dtdd#c=42&o=13&pi=5,18.990.000₫,OPPO Reno15 Pro 5G 12GB/256GB,Quà  550.000₫,1.5K,,550.000₫,,,256GB,512GB,6.32","• Đã bán 6,1k",So sánh,,,4.9,Trả chậm 0% trả trước 0đ,,,https://cdn.tgdd.vn/Products/Images/42/360236/oppo-reno15-pro-5g-12gb-256gb-xanh-thumb-600x600.jpg,18990000,6100,115839000000,OPPO Reno15 Pro 5G 12GB/256GB,6100,115839000000
1778079858-18,https://www.thegioididong.com/dtdd#c=42&o=13&pi=5,8.090.000₫,"realme C100 4G 8GB/128GB
                Mẫu mới",Quà  200.000₫,HD+,8.290.000₫,200.000₫,,8GB - 256GB,8GB - 128GB,6GB - 128GB,6.8","• Đã bán 1,5k",So sánh,,,5,Mẫu mới,Trả chậm 0% trả trước 0đ,Mẫu mới,https://cdn.tgdd.vn/Products/Images/42/364187/realme-c100-4g-tim-thumb-1-600x600.jpg,8090000,1500,12135000000,"realme C100 4G 8GB/128GB
                Mẫu mới",1500,12135000000
1778079858-19,https://www.thegioididong.com/dtdd#c=42&o=13&pi=5,11.690.000₫,HONOR X9d 5G 12GB/256GB,Quà  300.000₫,6.79",11.990.000₫,300.000₫,,12GB - 512GB,12GB - 256GB,8GB - 256GB,,"• Đã bán 7,2k",So sánh,,,4.9,Trả chậm 0%,,,https://cdn.tgdd.vn/Products/Images/42/358683/honor-x9d-5g-12gb-256gb-do-thumb-1-2-600x600.jpg,11690000,7200,84168000000,HONOR X9d 5G 12GB/256GB,7200,84168000000
1778079858-20,https://www.thegioididong.com/dtdd#c=42&o=13&pi=5,3.490.000₫,"Tecno Spark Go 3 4GB/64GB
                Mẫu mới",,HD+,3.690.000₫,,-5%,,64GB,128GB,6.75",• Đã bán 6,So sánh,,,5,Mẫu mới,Trả chậm 0% trả trước 0đ,Mẫu mới,https://cdn.tgdd.vn/Products/Images/42/364632/tecno-spark-go-3-bac-thumb-600x600.jpg,3490000,6,20940000,"Tecno Spark Go 3 4GB/64GB
                Mẫu mới",6,20940000
1778079858-21,https://www.thegioididong.com/dtdd#c=42&o=13&pi=5,4.990.000₫,Tecno Pova 7 8GB/256GB,,Full HD+,5.690.000₫,,-12%,,,,6.78",• Đã bán 433,So sánh,,,5,Trả chậm 0%,,,,4990000,433,2160670000,Tecno Pova 7 8GB/256GB,433,2160670000
1778079858-22,https://www.thegioididong.com/dtdd#c=42&o=13&pi=5,6.690.000₫,Motorola G57 Power 5G 8GB/128GB,,Full HD+,6.990.000₫,,-4%,,,,6.72",• Đã bán 609,So sánh,,,5,Trả chậm 0% trả trước 0đ,,,,6690000,609,4074210000,Motorola G57 Power 5G 8GB/128GB,609,4074210000
1778079858-23,https://www.thegioididong.com/dtdd#c=42&o=13&pi=5,17.990.000₫,iPhone 15 128GB,,Super Retina XDR,18.990.000₫,,-5%,,128GB,256GB,6.1","• Đã bán 132,3k",So sánh,,,4.9,Trả chậm 0%,,,https://cdn.tgdd.vn/Products/Images/42/281570/iphone-15-xanh-thumb-600x600.jpg,17990000,132300,2380077000000,iPhone 15 128GB,132300,2380077000000
1778079858-24,https://www.thegioididong.com/dtdd#c=42&o=13&pi=5,23.890.000₫,iPhone Air 256GB,,Super Retina XDR,31.990.000₫,,-25%,1TB,256GB,512GB,6.5","• Đã bán 7,3k",So sánh,,Online giá rẻ quá,4.9,Trả chậm 0%,,,https://cdn.tgdd.vn/Products/Images/42/342670/iphone-air-vang-thumb-600x600.jpg,23890000,7300,174397000000,iPhone Air 256GB,7300,174397000000
1778079858-25,https://www.thegioididong.com/dtdd#c=42&o=13&pi=5,21.490.000₫,Samsung Galaxy S26 5G 12GB/256GB,Quà  350.000₫,Full HD+,25.990.000₫,350.000₫,-17%,,256GB,512GB,6.3","• Đã bán 1,1k",So sánh,,,5,Trả chậm 0% trả trước 0đ,,,https://cdn.tgdd.vn/Products/Images/42/361947/samsung-galaxy-s26-12gb-256gb-xanh-thumb-600x600.jpg,21490000,1100,23639000000,Samsung Galaxy S26 5G 12GB/256GB,1100,23639000000
1778079858-26,https://www.thegioididong.com/dtdd#c=42&o=13&pi=5,11.990.000₫,OPPO Reno15 F 5G 8GB/256GB,Quà  550.000₫,Full HD+,,550.000₫,,,8GB,12GB,6.57","• Đã bán 17,9k",So sánh,,,4.9,Trả chậm 0% trả trước 0đ,,,https://cdn.tgdd.vn/Products/Images/42/360240/oppo-reno15f-5g-8gb-256gb-hong-thumb-600x600.jpg,11990000,17900,214621000000,OPPO Reno15 F 5G 8GB/256GB,17900,214621000000
1778079858-27,https://www.thegioididong.com/dtdd#c=42&o=13&pi=5,21.790.000₫,vivo X300 5G 12GB/256GB,Quà  300.000₫,1.5K,23.990.000₫,300.000₫,-9%,,,,,"• Đã bán 1,7k",So sánh,,,4.9,Trả chậm 0% trả trước 0đ,,,,21790000,1700,37043000000,vivo X300 5G 12GB/256GB,1700,37043000000
1778079858-28,https://www.thegioididong.com/dtdd#c=42&o=13&pi=5,11.070.000₫,realme 16 5G 8GB/256GB,,Full HD+,11.490.000₫,,-3%,,8GB,12GB,6.57","• Đã bán 3,9k",So sánh,,,4.9,Trả chậm 0% trả trước 0đ,,,https://cdn.tgdd.vn/Products/Images/42/361703/realme-16-5g-8gb-256gb-trang-thumb-1-600x600.jpg,11070000,3900,43173000000,realme 16 5G 8GB/256GB,3900,43173000000
1778079858-29,https://www.thegioididong.com/dtdd#c=42&o=13&pi=5,7.490.000₫,Honor X7d 5G 8GB/256GB,,HD+,7.790.000₫,,-3%,,,,6.77","• Đã bán 4,5k",So sánh,,,4.9,Trả chậm 0% trả trước 0đ,,,,7490000,4500,33705000000,Honor X7d 5G 8GB/256GB,4500,33705000000
1778079858-30,https://www.thegioididong.com/dtdd#c=42&o=13&pi=5,2.890.000₫,Tecno Spark 40C 4GB/128GB,,HD+,3.190.000₫,,-9%,,,,6.67","• Đã bán 2,6k",So sánh,,,4.9,Trả chậm 0% trả trước 0đ,,,,2890000,2600,7514000000,Tecno Spark 40C 4GB/128GB,2600,7514000000
1778079858-31,https://www.thegioididong.com/dtdd#c=42&o=13&pi=5,11.550.000₫,Motorola Edge 70 8GB/256GB,,1.5K,12.990.000₫,,-11%,,,,6.67",• Đã bán 371,So sánh,,,4.9,Trả chậm 0% trả trước 0đ,,,https://cdn.tgdd.vn/Products/Images/42/362374/motorola-edge-70-8gb-256gb-xam-thumb-600x600.jpg,11550000,371,4285050000,Motorola Edge 70 8GB/256GB,371,4285050000
1778079858-32,https://www.thegioididong.com/dtdd#c=42&o=13&pi=5,13.990.000₫,iPhone 14 128GB,,Super Retina XDR,16.990.000₫,,-17%,,,,6.1","• Đã bán 110,6k",So sánh,,,4.9,Trả chậm 0%,,,https://cdn.tgdd.vn/Products/Images/42/240259/iPhone-14-plus-thumb-xanh-600x600.jpg,13990000,110600,1547294000000,iPhone 14 128GB,110600,1547294000000
1778079858-33,https://www.thegioididong.com/dtdd#c=42&o=13&pi=5,17.490.000₫,iPhone 17e 256GB,Quà  50.000₫,Super Retina XDR,17.990.000₫,50.000₫,-2%,,256GB,512GB,6.1","• Đã bán 1,5k",So sánh,,Online giá rẻ quá,4.9,Trả chậm 0%,,,https://cdn.tgdd.vn/Products/Images/42/342692/iphone-17e-256gb-hong-thumb-600x600.jpg,17490000,1500,26235000000,iPhone 17e 256GB,1500,26235000000
1778079858-34,https://www.thegioididong.com/dtdd#c=42&o=13&pi=5,10.690.000₫,Samsung Galaxy A56 5G 12GB/256GB,,Full HD+,11.780.000₫,,-9%,8GB - 256GB,12GB - 256GB,8GB - 128GB,6.7","• Đã bán 68,5k",So sánh,,Online giá rẻ quá,4.9,Trả chậm 0% trả trước 0đ,,,https://cdn.tgdd.vn/Products/Images/42/334932/samsung-galaxy-a56-5g-gray-thumb-1-600x600.jpg,10690000,68500,732265000000,Samsung Galaxy A56 5G 12GB/256GB,68500,732265000000
1778079858-35,https://www.thegioididong.com/dtdd#c=42&o=13&pi=5,5.690.000₫,Xiaomi Redmi Note 15 6GB/128GB,,Full HD+,5.990.000₫,,-5%,8GB - 256GB,6GB - 128GB,8GB - 128GB,6.77","• Đã bán 2,7k",So sánh,,,4.9,Trả chậm 0% trả trước 0đ,,,https://cdn.tgdd.vn/Products/Images/42/360302/xiaomi-redmi-note-15-thumb-600x600.jpg,5690000,2700,15363000000,Xiaomi Redmi Note 15 6GB/128GB,2700,15363000000
1778079858-36,https://www.thegioididong.com/dtdd#c=42&o=13&pi=5,4.490.000₫,OPPO A6x 4GB/64GB,Quà  250.000₫,HD+,,250.000₫,,6GB - 256GB,4GB - 64GB,4GB - 128GB,6.75","• Đã bán 16,5k",So sánh,,,4.9,Trả chậm 0% trả trước 0đ,,,https://cdn.tgdd.vn/Products/Images/42/360244/oppo-a6x-4gb-64gb-tim-titan-thumb-1-600x600.jpg,4490000,16500,74085000000,OPPO A6x 4GB/64GB,16500,74085000000
1778079858-37,https://www.thegioididong.com/dtdd#c=42&o=13&pi=5,31.990.000₫,vivo X300 Pro 5G 16GB/512GB,Quà  300.000₫,1.5K,34.990.000₫,300.000₫,-8%,,,,6.78",• Đã bán 1k,So sánh,,,4.9,Trả chậm 0% trả trước 0đ,,,https://cdn.tgdd.vn/Products/Images/42/357862/vivo-x300-pro-den-thumb-600x600.jpg,31990000,1000,31990000000,vivo X300 Pro 5G 16GB/512GB,1000,31990000000
1778079858-38,https://www.thegioididong.com/dtdd#c=42&o=13&pi=5,6.090.000₫,realme C85 8GB/128GB,,HD+,6.290.000₫,,-3%,,8GB - 128GB,6GB - 128GB,6.8","• Đã bán 10,4k",So sánh,,,5,Trả chậm 0% trả trước 0đ,,,https://cdn.tgdd.vn/Products/Images/42/360344/realme-c85-8gb-128gb-xanh-thumb-600x600.jpg,6090000,10400,63336000000,realme C85 8GB/128GB,10400,63336000000
1778079858-39,https://www.thegioididong.com/dtdd#c=42&o=13&pi=5,39.990.000₫,HONOR Magic V5 5G 16GB/512GB,Quà  300.000₫,Quad HD (2K),44.990.000₫,300.000₫,-11%,,,,,• Đã bán 186,So sánh,,Online giá rẻ quá,5,,,,https://cdn.tgdd.vn/Products/Images/42/344641/honor-magic-v5-black-thumb-600x600.jpg,39990000,186,7438140000,HONOR Magic V5 5G 16GB/512GB,186,7438140000
1778079858-40,https://www.thegioididong.com/dtdd#c=42&o=13&pi=5,20.980.000₫,Motorola Signature 12GB/256GB,,1.5K+,22.990.000₫,,-8%,,,,6.8",• Đã bán 136,So sánh,,,5,Trả chậm 0% trả trước 0đ,,,https://cdn.tgdd.vn/Products/Images/42/362375/motorola-signature-12gb-256gb-xanh-thumb-600x600.jpg,20980000,136,2853280000,Motorola Signature 12GB/256GB,136,2853280000
1778079858-41,https://www.thegioididong.com/dtdd#c=42&o=13&pi=5,20.890.000₫,iPhone 16 128GB,,Super Retina XDR,21.990.000₫,,-5%,,128GB,256GB,6.1","• Đã bán 26,9k",So sánh,,Online giá rẻ quá,4.9,Trả chậm 0%,,,https://cdn.tgdd.vn/Products/Images/42/329135/iphone-16-blue-600x600.png,20890000,26900,561941000000,iPhone 16 128GB,26900,561941000000
1778079858-42,https://www.thegioididong.com/dtdd#c=42&o=13&pi=5,22.690.000₫,iPhone 16e 512GB,,Super Retina XDR,26.490.000₫,,-14%,,,,6.1",• Đã bán 63,So sánh,,Online giá rẻ quá,5,Trả chậm 0%,,,https://cdn.tgdd.vn/Products/Images/42/334866/iphone-16e-trang-thumb-1-600x600.jpg,22690000,63,1429470000,iPhone 16e 512GB,63,1429470000
1778079858-43,https://www.thegioididong.com/dtdd#c=42&o=13&pi=5,17.690.000₫,Samsung Galaxy S25 5G 12GB/256GB,Quà  300.000₫,Full HD+,22.580.000₫,300.000₫,-21%,,,,6.2",• Đã bán 11k,So sánh,,Online giá rẻ quá,4.9,Trả chậm 0% trả trước 0đ,,,https://cdn.tgdd.vn/Products/Images/42/333363/samsung-galaxy-s25-green-thumbai-600x600.jpg,17690000,11000,194590000000,Samsung Galaxy S25 5G 12GB/256GB,11000,194590000000
1778079858-44,https://www.thegioididong.com/dtdd#c=42&o=13&pi=5,6.990.000₫,Xiaomi Redmi Note 15 5G 6GB/128GB,,Full HD+,7.490.000₫,,-6%,,6GB - 128GB,8GB - 256GB,6.77",• Đã bán 838,So sánh,,,5,Trả chậm 0% trả trước 0đ,,,https://cdn.tgdd.vn/Products/Images/42/360310/xiaomi-redmi-note-15-5g-thumb-600x600.jpg,6990000,838,5857620000,Xiaomi Redmi Note 15 5G 6GB/128GB,838,5857620000
1778079858-45,https://www.thegioididong.com/dtdd#c=42&o=13&pi=5,22.680.000₫,OPPO Find X9 5G 12GB/256GB,Quà  250.000₫,1.5K+,28.990.000₫,250.000₫,-21%,,12GB - 256GB,16GB - 512GB,6.59","• Đã bán 4,9k",So sánh,,,4.9,Trả chậm 0% trả trước 0đ,,,https://cdn.tgdd.vn/Products/Images/42/344655/oppo-find-x9-black-thumb-600x600.jpg,22680000,4900,111132000000,OPPO Find X9 5G 12GB/256GB,4900,111132000000
1778079858-46,https://www.thegioididong.com/dtdd#c=42&o=13&pi=5,10.190.000₫,vivo V60 Lite 5G 8GB/256GB,,Full HD+,10.490.000₫,,,,8GB - 256GB,12GB - 512GB,6.77","• Đã bán 27,2k",So sánh,,,4.9,Trả chậm 0% trả trước 0đ,,,https://cdn.tgdd.vn/Products/Images/42/357576/vivo-v60-lite-pink-thumbai-600x600.jpg,10190000,27200,277168000000,vivo V60 Lite 5G 8GB/256GB,27200,277168000000
1778079858-47,https://www.thegioididong.com/dtdd#c=42&o=13&pi=5,8.330.000₫,HONOR 400 Lite 12GB/256GB,,Full HD+,8.830.000₫,,-5%,,,,6.7","• Đã bán 8,2k",So sánh,,,4.9,Trả chậm 0% trả trước 0đ,,,https://cdn.tgdd.vn/Products/Images/42/339245/honor-400-lite-green-thumb-600x600.jpg,8330000,8200,68306000000,HONOR 400 Lite 12GB/256GB,8200,68306000000
1778079858-48,https://www.thegioididong.com/dtdd#c=42&o=13&pi=5,6.690.000₫,realme C85 Pro 8GB/128GB,,Full HD+,6.990.000₫,,-4%,,128GB,256GB,6.8","• Đã bán 16,3k",So sánh,,,5,Trả chậm 0% trả trước 0đ,,,https://cdn.tgdd.vn/Products/Images/42/357832/realme-c85-pro-purple-thumb-1-600x600.jpg,6690000,16300,109047000000,realme C85 Pro 8GB/128GB,16300,109047000000
1778079858-49,https://www.thegioididong.com/dtdd#c=42&o=13&pi=5,3.290.000₫,Motorola G06 POWER 4GB/128GB,,HD+,,,,,,,6.88 ","• Đã bán 16,2k",So sánh,,,4.9,Trả chậm 0% trả trước 0đ,,,https://cdn.tgdd.vn/Products/Images/42/358226/motorola-g06-power-4gb-128gb-nau-thumb-1-600x600.jpg,3290000,16200,53298000000,Motorola G06 POWER 4GB/128GB,16200,53298000000
1778079858-50,https://www.thegioididong.com/dtdd#c=42&o=13&pi=5,24.590.000₫,iPhone 16 Plus 128GB,,Super Retina XDR,25.990.000₫,,-5%,512GB,128GB,256GB,6.7","• Đã bán 25,2k",So sánh,,Online giá rẻ quá,4.9,Trả chậm 0%,,,https://cdn.tgdd.vn/Products/Images/42/329138/iphone-16-plus-xanh-thumb-600x600.jpg,24590000,25200,619668000000,iPhone 16 Plus 128GB,25200,619668000000
1778079858-51,https://www.thegioididong.com/dtdd#c=42&o=13&pi=5,11.990.000₫,iPhone 13 128GB,,Super Retina XDR,13.990.000₫,,-14%,,,,6.1","• Đã bán 374,2k",So sánh,,,4.9,Trả chậm 0% trả trước 0đ,,,https://cdn.tgdd.vn/Products/Images/42/223602/iphone-13-midnight-2-600x600.jpg,11990000,374200,4486658000000,iPhone 13 128GB,374200,4486658000000
1778079858-52,https://www.thegioididong.com/dtdd#c=42&o=13&pi=5,6.090.000₫,Samsung Galaxy A17 5G 8GB/128GB,,Full HD+,6.390.000₫,,-4%,,128GB,256GB,6.7","• Đã bán 5,6k",So sánh,,,4.9,Trả chậm 0% trả trước 0đ,,,https://cdn.tgdd.vn/Products/Images/42/341688/galaxy-a17-5g-gray-thumbai-600x600.jpg,6090000,5600,34104000000,Samsung Galaxy A17 5G 8GB/128GB,5600,34104000000
1778079858-53,https://www.thegioididong.com/dtdd#c=42&o=13&pi=5,10.490.000₫,Xiaomi Redmi Note 15 Pro 5G 8GB/256GB,Quà  1.270.000₫,1.5K,,1.270.000₫,,12GB - 512GB,8GB - 256GB,12GB - 256GB,6.83","• Đã bán 24,8k",So sánh,,,4.9,Trả chậm 0% trả trước 0đ,,,https://cdn.tgdd.vn/Products/Images/42/360312/xiaomi-redmi-note-15-pro-5g-thumb-600x600.jpg,10490000,24800,260152000000,Xiaomi Redmi Note 15 Pro 5G 8GB/256GB,24800,260152000000
1778079858-54,https://www.thegioididong.com/dtdd#c=42&o=13&pi=5,32.530.000₫,OPPO Find X9 Pro 5G 16GB/512GB,Quà  250.000₫,1.5K+,36.990.000₫,250.000₫,-12%,,,,6.78","• Đã bán 1,4k",So sánh,,,4.9,Trả chậm 0% trả trước 0đ,,,https://cdn.tgdd.vn/Products/Images/42/344652/oppo-find-x9-pro-titan-thumb-600x600.jpg,32530000,1400,45542000000,OPPO Find X9 Pro 5G 16GB/512GB,1400,45542000000
1778079858-55,https://www.thegioididong.com/dtdd#c=42&o=13&pi=5,6.360.000₫,vivo Y39 5G 8GB/128GB,,HD+,7.360.000₫,,-13%,,128GB,256GB,6.68 ","• Đã bán 24,3k",So sánh,,Online giá rẻ quá,4.9,Trả chậm 0% trả trước 0đ,,,https://cdn.tgdd.vn/Products/Images/42/339180/vivo-y39-5g-thumb-600x600.jpg,6360000,24300,154548000000,vivo Y39 5G 8GB/128GB,24300,154548000000
1778079858-56,https://www.thegioididong.com/dtdd#c=42&o=13&pi=5,7.590.000₫,realme C85 5G 8GB/128GB,,HD+,8.090.000₫,,-6%,,128GB,256GB,6.8",• Đã bán 847,So sánh,,,5,Trả chậm 0% trả trước 0đ,,,https://cdn.tgdd.vn/Products/Images/42/362760/realme-c85-green-thumb-600x600.jpg,7590000,847,6428730000,realme C85 5G 8GB/128GB,847,6428730000
1778079858-57,https://www.thegioididong.com/dtdd#c=42&o=13&pi=5,12.750.000₫,HONOR 400 5G 12GB/256GB Đen,Quà  300.000₫,1.5K,13.250.000₫,300.000₫,-3%,,256GB Đen,256GB Vàng,6.55","• Đã bán 1,2k",So sánh,,,5,Trả chậm 0%,,,https://cdn.tgdd.vn/Products/Images/42/339638/honor-400-5g-12gb-256gb-den-thumb-600x600.jpg,12750000,1200,15300000000,HONOR 400 5G 12GB/256GB Đen,1200,15300000000
1778079858-58,https://www.thegioididong.com/dtdd#c=42&o=13&pi=5,13.390.000₫,realme 15 Pro 5G 12GB/256GB,,Full HD+,14.990.000₫,,-10%,,,,6.8","• Đã bán 1,5k",So sánh,,,4.9,Trả chậm 0% trả trước 0đ,,,https://cdn.tgdd.vn/Products/Images/42/343067/realme-15t-pro-thumb-600x600.jpg,13390000,1500,20085000000,realme 15 Pro 5G 12GB/256GB,1500,20085000000
1778079858-59,https://www.thegioididong.com/dtdd#c=42&o=13&pi=5,3.790.000₫,Motorola G35 5G 4GB/128GB,,Full HD+,3.990.000₫,,-5%,,,,6.7","• Đã bán 5,5k",So sánh,,Online giá rẻ quá,4.9,Trả chậm 0% trả trước 0đ,,,https://cdn.tgdd.vn/Products/Images/42/358048/motorola-moto-g35-5g-4gb-128gb-xanh-thumb-600x600.jpg,3790000,5500,20845000000,Motorola G35 5G 4GB/128GB,5500,20845000000
1778079858-60,https://www.thegioididong.com/dtdd#c=42&o=13&pi=5,13.290.000₫,Samsung Galaxy S25 FE 5G 8GB/128GB,,Full HD+,16.690.000₫,,-20%,512GB,128GB,256GB,6.7","• Đã bán 3,6k",So sánh,,Online giá rẻ quá,4.9,Trả chậm 0% trả trước 0đ,,,https://cdn.tgdd.vn/Products/Images/42/342560/samsung-galaxy-s25-fe-blue-thumbai-600x600.jpg,13290000,3600,47844000000,Samsung Galaxy S25 FE 5G 8GB/128GB,3600,47844000000
1778079858-61,https://www.thegioididong.com/dtdd#c=42&o=13&pi=5,8.990.000₫,Xiaomi Redmi Note 15 Pro 8GB/256GB,Quà  1.270.000₫,Full HD+,,1.270.000₫,,,8GB,12GB,6.77","• Đã bán 17,3k",So sánh,,,4.9,Trả chậm 0% trả trước 0đ,,,https://cdn.tgdd.vn/Products/Images/42/360307/xiaomi-redmi-note-15-pro-thumb-600x600.jpg,8990000,17300,155527000000,Xiaomi Redmi Note 15 Pro 8GB/256GB,17300,155527000000
1778079858-62,https://www.thegioididong.com/dtdd#c=42&o=13&pi=5,8.290.000₫,OPPO A6 Pro 8GB/128GB,Quà  250.000₫,Full HD+,,250.000₫,,,128GB,256GB,6.57","• Đã bán 69,9k",So sánh,,,4.9,Trả chậm 0% trả trước 0đ,,,https://cdn.tgdd.vn/Products/Images/42/344651/oppo-a6-pro-4g-pink-thumbai-600x600.jpg,8290000,69900,579471000000,OPPO A6 Pro 8GB/128GB,69900,579471000000
1778079858-63,https://www.thegioididong.com/dtdd#c=42&o=13&pi=5,5.000.000₫,vivo Y19s Pro 8GB/128GB,,HD+,5.400.000₫,,-7%,4GB,8GB,6GB,6.68 ","• Đã bán 26,4k",So sánh,,,4.9,Trả chậm 0% trả trước 0đ,,,https://cdn.tgdd.vn/Products/Images/42/338918/vivo-y19s-pro-bac-thumb-1-600x600.jpg,5000000,26400,132000000000,vivo Y19s Pro 8GB/128GB,26400,132000000000
1778079858-64,https://www.thegioididong.com/dtdd#c=42&o=13&pi=5,8.600.000₫,realme 15T 5G 8GB/256GB,,Full HD+,8.990.000₫,,-4%,,8GB,12GB,6.57","• Đã bán 18,4k",So sánh,,,4.9,Trả chậm 0% trả trước 0đ,,,https://cdn.tgdd.vn/Products/Images/42/343063/realme-15t-sliver-thumb-600x600.jpg,8600000,18400,158240000000,realme 15T 5G 8GB/256GB,18400,158240000000
1778079858-65,https://www.thegioididong.com/dtdd#c=42&o=13&pi=5,10.490.000₫,realme 15 5G 12GB/256GB,,Full HD+,11.490.000₫,,-8%,,12GB,8GB,6.77","• Đã bán 4,4k",So sánh,,,5,Trả chậm 0% trả trước 0đ,,,https://cdn.tgdd.vn/Products/Images/42/343066/realme-15-5g-thumb-600x600.jpg,10490000,4400,46156000000,realme 15 5G 12GB/256GB,4400,46156000000
1778079858-66,https://www.thegioididong.com/dtdd#c=42&o=13&pi=5,6.890.000₫,Motorola G86 POWER 5G 8GB/128GB,,1.5K,7.090.000₫,,,,,,6.7","• Đã bán 3,5k",So sánh,,,4.9,Trả chậm 0% trả trước 0đ,,,https://cdn.tgdd.vn/Products/Images/42/358225/motorola-moto-g86-5g-8gb-128gb-xanh-tim-600x600.jpg,6890000,3500,24115000000,Motorola G86 POWER 5G 8GB/128GB,3500,24115000000
1778079858-67,https://www.thegioididong.com/dtdd#c=42&o=13&pi=5,7.590.000₫,Motorola Edge 60 Fusion 5G 8GB/256GB,,1.5K,8.990.000₫,,-15%,,,,6.7","• Đã bán 2,7k",So sánh,,Online giá rẻ quá,4.9,Trả chậm 0% trả trước 0đ,,,https://cdn.tgdd.vn/Products/Images/42/358224/motorola-edge-60-fusion-8gb-256gb-xanh-thumb-600x600.jpg,7590000,2700,20493000000,Motorola Edge 60 Fusion 5G 8GB/256GB,2700,20493000000
1778079858-68,https://www.thegioididong.com/dtdd#c=42&o=13&pi=5,18.060.000₫,Motorola Razr 60 5G 8GB/256GB,,Full HD+,19.990.000₫,,-9%,,,,,• Đã bán 544,So sánh,,,5,Trả chậm 0% trả trước 0đ,,,https://cdn.tgdd.vn/Products/Images/42/358223/motorola-razr-60-8gb-256gb-xanh-thumb-600x600.jpg,18060000,544,9824640000,Motorola Razr 60 5G 8GB/256GB,544,9824640000
1778079858-69,https://www.thegioididong.com/dtdd#c=42&o=13&pi=5,41.990.000₫,Samsung Galaxy Z Fold7 5G 12GB/256GB,Quà  350.000₫,QXGA+,46.990.000₫,350.000₫,-10%,,256GB,512GB,,"• Đã bán 3,1k",So sánh,,,5,Trả chậm 0%,,,https://cdn.tgdd.vn/Products/Images/42/338738/samsung-galaxy-z-fold7-black-thumb-1-600x600.jpg,41990000,3100,130169000000,Samsung Galaxy Z Fold7 5G 12GB/256GB,3100,130169000000
1778079858-70,https://www.thegioididong.com/dtdd#c=42&o=13&pi=5,12.490.000₫,Xiaomi Redmi Note 15 Pro+ 5G 12GB/256GB,Quà  1.270.000₫,1.5K,12.990.000₫,1.270.000₫,-3%,,,,6.83","• Đã bán 7,6k",So sánh,,,4.9,Trả chậm 0% trả trước 0đ,,,https://cdn.tgdd.vn/Products/Images/42/360309/xiaomi-redmi-note-15-pro-plus-5g-thumb-600x600.jpg,12490000,7600,94924000000,Xiaomi Redmi Note 15 Pro+ 5G 12GB/256GB,7600,94924000000
1778079858-71,https://www.thegioididong.com/dtdd#c=42&o=13&pi=5,10.990.000₫,OPPO A6 Pro 5G 12GB/256GB,Quà  250.000₫,Full HD+,,250.000₫,,,12GB,8GB,6.57","• Đã bán 4,9k",So sánh,,,4.9,Trả chậm 0% trả trước 0đ,,,https://cdn.tgdd.vn/Products/Images/42/344649/oppo-a6-pro-5g-pink-thumbai-600x600.jpg,10990000,4900,53851000000,OPPO A6 Pro 5G 12GB/256GB,4900,53851000000
1778079858-72,https://www.thegioididong.com/dtdd#c=42&o=13&pi=5,15.090.000₫,vivo V60 5G 12GB/256GB,,Full HD+,15.990.000₫,,-5%,,256GB,512GB,6.77","• Đã bán 3,3k",So sánh,,Online giá rẻ quá,4.9,Trả chậm 0% trả trước 0đ,,,https://cdn.tgdd.vn/Products/Images/42/341625/vivo-v60-5g-xam-thumb-600x600.jpg,15090000,3300,49797000000,vivo V60 5G 12GB/256GB,3300,49797000000
1778079858-73,https://www.thegioididong.com/dtdd#c=42&o=13&pi=5,4.310.000₫,realme C71 6GB/128GB,,HD+,4.410.000₫,,,,6GB,4GB,6.67","• Đã bán 49,2k",So sánh,,,4.9,Trả chậm 0% trả trước 0đ,,,https://cdn.tgdd.vn/Products/Images/42/337742/realme-c71-den-thumb-600x600.jpg,4310000,49200,212052000000,realme C71 6GB/128GB,49200,212052000000
1778079858-74,https://www.thegioididong.com/dtdd#c=42&o=13&pi=5,6.650.000₫,HONOR X9c Smart 5G 12GB/256GB,,Full HD+,7.850.000₫,,-15%,,,,6.8","• Đã bán 7,5k",So sánh,,,4.9,Trả chậm 0% trả trước 0đ,,,https://cdn.tgdd.vn/Products/Images/42/333480/honor-x9c-smart-xanh-thumb-600x600.jpg,6650000,7500,49875000000,HONOR X9c Smart 5G 12GB/256GB,7500,49875000000
1778079858-75,https://www.thegioididong.com/dtdd#c=42&o=13&pi=5,3.250.000₫,Samsung Galaxy A06 5G 6GB/128GB,,HD+,4.110.000₫,,-20%,,,,6.7","• Đã bán 104,3k",So sánh,,Online giá rẻ quá,4.9,Trả chậm 0% trả trước 0đ,,,https://cdn.tgdd.vn/Products/Images/42/335234/samsung-galaxy-a06-5g-black-thumbn-600x600.jpg,3250000,104300,338975000000,Samsung Galaxy A06 5G 6GB/128GB,104300,338975000000
1778079858-76,https://www.thegioididong.com/dtdd#c=42&o=13&pi=5,16.990.000₫,Xiaomi 15T Pro 5G 12GB/512GB,Quà  300.000₫,1.5K,19.490.000₫,300.000₫,-12%,,,,6.83","• Đã bán 3,3k",So sánh,,,5,Trả chậm 0% trả trước 0đ,,,https://cdn.tgdd.vn/Products/Images/42/356739/xiaomi-15t-pro-5g-12gb-512gb-den-thumb-600x600.jpg,16990000,3300,56067000000,Xiaomi 15T Pro 5G 12GB/512GB,3300,56067000000
1778079858-77,https://www.thegioididong.com/dtdd#c=42&o=13&pi=5,4.490.000₫,OPPO A6t 4GB/64GB,Quà  250.000₫,HD+,,250.000₫,,6GB - 256GB,4GB - 64GB,4GB - 128GB,6.75",• Đã bán 376,So sánh,,,5,Trả chậm 0% trả trước 0đ,,,https://cdn.tgdd.vn/Products/Images/42/361191/oppo-a6t-4gb-64gb-xanh-thumb-600x600.jpg,4490000,376,1688240000,OPPO A6t 4GB/64GB,376,1688240000
1778079858-78,https://www.thegioididong.com/dtdd#c=42&o=13&pi=5,8.010.000₫,vivo V50 Lite 5G 8GB/256GB,,Full HD+,9.810.000₫,,-18%,,8GB,12GB,6.77","• Đã bán 14,8k",So sánh,,Online giá rẻ quá,4.9,Trả chậm 0% trả trước 0đ,,,https://cdn.tgdd.vn/Products/Images/42/336408/vivo-v50-lite-gold-5g-thumbai-600x600.jpg,8010000,14800,118548000000,vivo V50 Lite 5G 8GB/256GB,14800,118548000000
1778079858-79,https://www.thegioididong.com/dtdd#c=42&o=13&pi=5,4.490.000₫,Samsung Galaxy A17 4GB/128GB,,Full HD+,4.890.000₫,,-8%,8GB - 256GB,4GB - 128GB,8GB - 128GB,6.7","• Đã bán 57,6k",So sánh,,Online giá rẻ quá,4.9,Trả chậm 0% trả trước 0đ,,,https://cdn.tgdd.vn/Products/Images/42/341797/samsung-galaxy-a17-lte-xam-thumb-600x600.jpg,4490000,57600,258624000000,Samsung Galaxy A17 4GB/128GB,57600,258624000000
1778079858-80,https://www.thegioididong.com/dtdd#c=42&o=13&pi=5,3.090.000₫,Samsung Galaxy A07 4GB/64GB,,HD+,3.290.000₫,,-6%,4GB - 128GB,4GB - 64GB,6GB - 128GB,6.7","• Đã bán 59,7k",So sánh,,,4.9,Trả chậm 0% trả trước 0đ,,,https://cdn.tgdd.vn/Products/Images/42/341802/samsung-galaxy-a07-violet-thumb-600x600.jpg,3090000,59700,184473000000,Samsung Galaxy A07 4GB/64GB,59700,184473000000
1778079858-81,https://www.thegioididong.com/dtdd#c=42&o=13&pi=5,8.290.000₫,OPPO A6 8GB/128GB,Quà  250.000₫,HD+,,250.000₫,,,,,6.75","• Đã bán 16,7k",So sánh,,,4.9,Trả chậm 0% trả trước 0đ,,,https://cdn.tgdd.vn/Products/Images/42/363217/oppo-a6-8gb-128gb-xanh-thumb-1-600x600.jpg,8290000,16700,138443000000,OPPO A6 8GB/128GB,16700,138443000000
1778079858-82,https://www.thegioididong.com/dtdd#c=42&o=13&pi=5,5.190.000₫,Xiaomi Redmi 15 8GB/128GB,,Full HD+,,,,,8GB,6GB,6.9","• Đã bán 69,5k",So sánh,,,4.9,Trả chậm 0% trả trước 0đ,,,https://cdn.tgdd.vn/Products/Images/42/341274/xiaomi-redmi-15-vang-titan-thumbnew-600x600.jpg,5190000,69500,360705000000,Xiaomi Redmi 15 8GB/128GB,69500,360705000000
1778079858-83,https://www.thegioididong.com/dtdd#c=42&o=13&pi=5,4.790.000₫,Xiaomi Redmi 15C 6GB/128GB,,HD+,4.990.000₫,,-4%,8GB - 256GB,6GB - 128GB,4GB - 128GB,6.9","• Đã bán 47,3k",So sánh,,,4.9,Trả chậm 0% trả trước 0đ,,,https://cdn.tgdd.vn/Products/Images/42/346265/xiaomi-redmi-15c-6gb-128gb-xanh-la-thumb-600x600.jpg,4790000,47300,226567000000,Xiaomi Redmi 15C 6GB/128GB,47300,226567000000
1778079858-84,https://www.thegioididong.com/dtdd#c=42&o=13&pi=5,750.000₫,Nokia 105 4G Pro,,QQVGA,,,,,,,1.77","• Đã bán 362,5k",So sánh,,,4.9,,,,https://cdn.tgdd.vn/Products/Images/42/311033/nokia-105-4g-den-thumb-600x600.jpg,750000,362500,271875000000,Nokia 105 4G Pro,362500,271875000000
1778079858-85,https://www.thegioididong.com/dtdd#c=42&o=13&pi=5,3.890.000₫,realme Note 80 4GB/64GB,,HD+,3.990.000₫,,,,,,6.74","• Đã bán 7,1k",So sánh,,,5,Trả chậm 0% trả trước 0đ,,,https://cdn.tgdd.vn/Products/Images/42/363437/realme-note-80-4gb-64gb-thumb-den-600x600.jpg,3890000,7100,27619000000,realme Note 80 4GB/64GB,7100,27619000000
1778079858-86,https://www.thegioididong.com/dtdd#c=42&o=13&pi=5,550.000₫,Masstel IZI T6 4G,,QVGA,,,,,,,2.4","• Đã bán 136,3k",So sánh,,,4.9,,,,https://cdn.tgdd.vn/Products/Images/42/322877/masstel-izi-t6-green-thumb-600x600.jpg,550000,136300,74965000000,Masstel IZI T6 4G,136300,74965000000
1778079858-87,https://www.thegioididong.com/dtdd#c=42&o=13&pi=5,3.430.000₫,vivo Y04 4GB/128GB,Quà  50.000₫,HD+,,50.000₫,,6GB - 128GB,4GB - 128GB,4GB - 64GB,6.74","• Đã bán 103,4k",So sánh,,,4.9,Trả chậm 0%,,,https://cdn.tgdd.vn/Products/Images/42/335228/vivo-y04-green-thumb-600x600.jpg,3430000,103400,354662000000,vivo Y04 4GB/128GB,103400,354662000000
1778079858-88,https://www.thegioididong.com/dtdd#c=42&o=13&pi=5,430.000₫,Masstel IZI 10 4G Type-C,,QQVGA,,,,,,,1.77","• Đã bán 30,8k",So sánh,,,5,,,,https://cdn.tgdd.vn/Products/Images/42/342939/masstel-izi-10-xanh-600x600.jpg,430000,30800,13244000000,Masstel IZI 10 4G Type-C,30800,13244000000
1778079858-89,https://www.thegioididong.com/dtdd#c=42&o=13&pi=5,12.490.000₫,Xiaomi 15T 5G 12GB/256GB,Quà  300.000₫,1.5K,13.990.000₫,300.000₫,-10%,,,,6.83","• Đã bán 29,5k",So sánh,,,4.9,Trả chậm 0% trả trước 0đ,,,https://cdn.tgdd.vn/Products/Images/42/344644/xiaomi-15t-12gb-256gb-vang-thumb-600x600.jpg,12490000,29500,368455000000,Xiaomi 15T 5G 12GB/256GB,29500,368455000000
1778079858-90,https://www.thegioididong.com/dtdd#c=42&o=13&pi=5,4.390.000₫,"vivo Y05 4GB/64GB
                Mẫu mới",,HD+,4.990.000₫,,-12%,,64GB,128GB,6.74","• Đã bán 1,3k",So sánh,,,5,Mẫu mới,Trả chậm 0% trả trước 0đ,Mẫu mới,https://cdn.tgdd.vn/Products/Images/42/365875/vivo-y05-den-thumb-600x600.jpg,4390000,1300,5707000000,"vivo Y05 4GB/64GB
                Mẫu mới",1300,5707000000
1778079858-91,https://www.thegioididong.com/dtdd#c=42&o=13&pi=5,7.690.000₫,vivo Y31d 6GB/128GB,,HD+,8.090.000₫,,-4%,,6GB - 128GB,8GB - 128GB,6.75","• Đã bán 15,2k",So sánh,,,4.9,Trả chậm 0% trả trước 0đ,,,https://cdn.tgdd.vn/Products/Images/42/360671/vivo-y31d-6gb-128gb-trang-thumb-600x600.jpg,7690000,15200,116888000000,vivo Y31d 6GB/128GB,15200,116888000000
1778079858-92,https://www.thegioididong.com/dtdd#c=42&o=13&pi=5,650.000₫,Masstel Fami 50 4G,,QQVGA,,,,,,,2","• Đã bán 73,6k",So sánh,,,4.9,,,,https://cdn.tgdd.vn/Products/Images/42/323546/masstel-fami-50-green-thumb-600x600.jpg,650000,73600,47840000000,Masstel Fami 50 4G,73600,47840000000
1778079858-93,https://www.thegioididong.com/dtdd#c=42&o=13&pi=5,690.000₫,Nokia HMD 105 4G,,QQVGA,,,,,,,2.4","• Đã bán 74,5k",So sánh,,,4.9,,,,https://cdn.tgdd.vn/Products/Images/42/329676/nokia-hmd-105-4g-pink-thumb-600x600.jpg,690000,74500,51405000000,Nokia HMD 105 4G,74500,51405000000
1778079858-94,https://www.thegioididong.com/dtdd#c=42&o=13&pi=5,6.490.000₫,"Vivo Y11d 6GB/128GB
                Mẫu mới",,HD+,7.290.000₫,,-10%,,6GB,4GB,6.74","• Đã bán 1,4k",So sánh,,,5,Mẫu mới,Trả chậm 0% trả trước 0đ,Mẫu mới,https://cdn.tgdd.vn/Products/Images/42/365879/vivo-y11d-bac-thumb-600x600.jpg,6490000,1400,9086000000,"Vivo Y11d 6GB/128GB
                Mẫu mới",1400,9086000000
1778079858-95,https://www.thegioididong.com/dtdd#c=42&o=13&pi=5,1.000.000₫,Nokia 220 4G,,QVGA,,,,,,,2.8","• Đã bán 83,4k",So sánh,,,4.9,,,,https://cdn.tgdd.vn/Products/Images/42/207956/nokia-220-4g-cam-thumb-600x600.jpg,1000000,83400,83400000000,Nokia 220 4G,83400,83400000000
1778079858-96,https://www.thegioididong.com/dtdd#c=42&o=13&pi=5,3.630.000₫,OPPO A5x 4GB/64GB,Quà  250.000₫,HD+,,250.000₫,,,64GB,128GB,6.67","• Đã bán 51,9k",So sánh,,,4.9,Trả chậm 0% trả trước 0đ,,,https://cdn.tgdd.vn/Products/Images/42/337846/oppo-a5x-4gb-64gb-thumb-600x600.jpg,3630000,51900,188397000000,OPPO A5x 4GB/64GB,51900,188397000000
1778079858-97,https://www.thegioididong.com/dtdd#c=42&o=13&pi=5,430.000₫,Mobell M239 4G,,QQVGA,,,,,,,1.77","• Đã bán 192,5k",So sánh,,,4.9,,,,https://cdn.tgdd.vn/Products/Images/42/284122/mobell-m239-thumb-den-600x600.jpg,430000,192500,82775000000,Mobell M239 4G,192500,82775000000
1778079858-98,https://www.thegioididong.com/dtdd#c=42&o=13&pi=5,6.290.000₫,vivo Y21d 6GB/128GB,Quà  50.000₫,HD+,,50.000₫,,6GB - 256GB,6GB - 128GB,4GB - 128GB,6.68 ","• Đã bán 21,7k",So sánh,,,5,Trả chậm 0% trả trước 0đ,,,https://cdn.tgdd.vn/Products/Images/42/358669/vivo-y21d-purple-thumb-600x600.jpg,6290000,21700,136493000000,vivo Y21d 6GB/128GB,21700,136493000000
1778079858-99,https://www.thegioididong.com/dtdd#c=42&o=13&pi=5,13.490.000₫,Xiaomi 15T 5G 12GB/512GB,Quà  300.000₫,1.5K,14.990.000₫,300.000₫,-10%,,,,6.83","• Đã bán 6,8k",So sánh,,,4.9,Trả chậm 0% trả trước 0đ,,,https://cdn.tgdd.vn/Products/Images/42/344645/xiaomi-15t-12gb-512gb-xam-den-thumb-600x600.jpg,13490000,6800,91732000000,Xiaomi 15T 5G 12GB/512GB,6800,91732000000
1778079858-100,https://www.thegioididong.com/dtdd#c=42&o=13&pi=5,2.490.000₫,Nubia A36 4GB/64GB,,HD+,,,,,,,6.75","• Đã bán 1,8k",So sánh,,,5,,,,https://cdn.tgdd.vn/Products/Images/42/361630/nubia-a36-4gb-64gb-vang-thumb-600x600.jpg,2490000,1800,4482000000,Nubia A36 4GB/64GB,1800,4482000000
1778079858-101,https://www.thegioididong.com/dtdd#c=42&o=13&pi=5,27.490.000₫,Samsung Galaxy S25 Ultra 5G 12GB/256GB,Quà  350.000₫,Quad HD+ (2K+),33.380.000₫,350.000₫,-17%,,256GB,512GB,6.9","• Đã bán 26,5k",So sánh,,,4.9,Trả chậm 0% trả trước 0đ,,,https://cdn.tgdd.vn/Products/Images/42/333347/samsung-galaxy-s25-ultra-blue-thumbai-600x600.jpg,27490000,26500,728485000000,Samsung Galaxy S25 Ultra 5G 12GB/256GB,26500,728485000000
1778079858-102,https://www.thegioididong.com/dtdd#c=42&o=13&pi=5,5.390.000₫,Xiaomi Redmi 15 5G 4GB/128GB,,Full HD+,5.690.000₫,,-5%,,4GB - 128GB,8GB - 256GB,6.9","• Đã bán 5,8k",So sánh,,,4.9,Trả chậm 0% trả trước 0đ,,,https://cdn.tgdd.vn/Products/Images/42/359776/xiaomi-redmi-15-5g-4gb-128gb-xanh-thumb-600x600.jpg,5390000,5800,31262000000,Xiaomi Redmi 15 5G 4GB/128GB,5800,31262000000
1778079858-103,https://www.thegioididong.com/dtdd#c=42&o=13&pi=5,16.990.000₫,Xiaomi 15T Pro 5G 12GB/256GB,Quà  3.290.000₫,1.5K,18.490.000₫,3.290.000₫,-8%,,,,6.83","• Đã bán 6,7k",So sánh,,,4.9,Trả chậm 0% trả trước 0đ,,,https://cdn.tgdd.vn/Products/Images/42/344646/xiaomi-15t-pro-12gb-256gb-xam-thumb-600x600.jpg,16990000,6700,113833000000,Xiaomi 15T Pro 5G 12GB/256GB,6700,113833000000
1778079858-104,https://www.thegioididong.com/dtdd#c=42&o=13&pi=5,4.390.000₫,Samsung Galaxy A07 5G 4GB/128GB,Quà  50.000₫,HD+,4.590.000₫,50.000₫,-4%,,,,6.74","• Đã bán 2,7k",So sánh,,Online giá rẻ quá,4.9,Trả chậm 0% trả trước 0đ,,,https://cdn.tgdd.vn/Products/Images/42/361709/samsung-galaxy-a07-5g-4gb-128gb-tim-xanh-600x600.jpg,4390000,2700,11853000000,Samsung Galaxy A07 5G 4GB/128GB,2700,11853000000
1778079858-105,https://www.thegioididong.com/dtdd#c=42&o=13&pi=5,410.000₫,Mobell M179,,QQVGA,,,,,,,1.77","• Đã bán 16,7k",So sánh,,,4.9,,,,https://cdnv2.tgdd.vn/mwg-static/tgdd/Products/Images/42/354325/mobell-m179-red-thumb-638941821177855485-600x600.jpg,410000,16700,6847000000,Mobell M179,16700,6847000000
1778079858-106,https://www.thegioididong.com/dtdd#c=42&o=13&pi=5,2.990.000₫,realme Note 70 4GB/64GB,,HD+,3.090.000₫,,-3%,,64GB,128GB,6.74","• Đã bán 42,1k",So sánh,,,5,Trả chậm 0% trả trước 0đ,,,https://cdnv2.tgdd.vn/mwg-static/tgdd/Products/Images/42/340260/realme-note-70-4gb-64gb-160725-095001-095-600x600.jpg,2990000,42100,125879000000,realme Note 70 4GB/64GB,42100,125879000000
1778079858-107,https://www.thegioididong.com/dtdd#c=42&o=13&pi=5,6.290.000₫,OPPO A5 8GB/128GB,Quà  250.000₫,HD+,,250.000₫,,,8GB,6GB,6.67","• Đã bán 29,3k",So sánh,,,4.9,Trả chậm 0% trả trước 0đ,,,https://cdn.tgdd.vn/Products/Images/42/341378/oppo-a5-8gb-128gb-xanh-thumb-600x600.jpg,6290000,29300,184297000000,OPPO A5 8GB/128GB,29300,184297000000
1778079858-108,https://www.thegioididong.com/dtdd#c=42&o=13&pi=5,3.190.000₫,HONOR X5c Plus 4GB/64GB,Quà  50.000₫,HD+,,50.000₫,,,64GB,128GB,6.74","• Đã bán 1,4k",So sánh,,,5,Trả chậm 0% trả trước 0đ,,,https://cdn.tgdd.vn/Products/Images/42/358691/honor-x5c-plus-4gb-64gb-den-thumb-600x600.jpg,3190000,1400,4466000000,HONOR X5c Plus 4GB/64GB,1400,4466000000
1778079858-109,https://www.thegioididong.com/dtdd#c=42&o=13&pi=5,820.000₫,Nokia 110 4G Pro,,QQVGA,,,,,,,1.77","• Đã bán 70,2k",So sánh,,,4.9,,,,https://cdn.tgdd.vn/Products/Images/42/311034/nokia-110-4g-xanh-thumb-600x600.jpg,820000,70200,57564000000,Nokia 110 4G Pro,70200,57564000000
1778079858-110,https://www.thegioididong.com/dtdd#c=42&o=13&pi=5,2.740.000₫,Masstel S9 6GB/256GB,,HD+,2.940.000₫,,-6%,,,,6.67","• Đã bán 5,3k",So sánh,,,4.9,,,,https://cdn.tgdd.vn/Products/Images/42/336409/masstel-s9-gold-thumb-600x600.jpg,2740000,5300,14522000000,Masstel S9 6GB/256GB,5300,14522000000
1778079858-111,https://www.thegioididong.com/dtdd#c=42&o=13&pi=5,3.040.000₫,Tecno Spark 30C 6GB/128GB,,HD+,3.240.000₫,,-6%,,,,6.67","• Đã bán 1,8k",So sánh,,,4.9,,,,https://cdn.tgdd.vn/Products/Images/42/334970/tecno-spark-30c-white-thumb-600x600.jpg,3040000,1800,5472000000,Tecno Spark 30C 6GB/128GB,1800,5472000000
1778079858-112,https://www.thegioididong.com/dtdd#c=42&o=13&pi=5,17.990.000₫,Vivo V70 5G 8GB/256GB,Quà  600.000₫,1.5K,,600.000₫,,,8GB,12GB,6.59",• Đã bán 960,So sánh,,,5,Trả chậm 0% trả trước 0đ,,,https://cdn.tgdd.vn/Products/Images/42/363464/vivo-v70-8gb-256gb-vang-thumb-600x600.jpg,17990000,960,17270400000,Vivo V70 5G 8GB/256GB,960,17270400000
1778079858-113,https://www.thegioididong.com/dtdd#c=42&o=13&pi=5,3.990.000₫,"Xiaomi Redmi A7 Pro 4GB/64GB
                Mẫu mới",,HD+,4.190.000₫,,-4%,,64GB,128GB,6.9",• Đã bán 454,So sánh,,,5,Mẫu mới,Trả chậm 0% trả trước 0đ,Mẫu mới,https://cdn.tgdd.vn/Products/Images/42/364793/xiaomi-redmi-a7-pro-xanh-duong-thumb-600x600.jpg,3990000,454,1811460000,"Xiaomi Redmi A7 Pro 4GB/64GB
                Mẫu mới",454,1811460000
1778079858-114,https://www.thegioididong.com/dtdd#c=42&o=13&pi=5,25.490.000₫,Samsung Galaxy S26+ 5G 12GB/256GB,Quà  350.000₫,Quad HD+ (2K+),29.990.000₫,350.000₫,-15%,,256GB,512GB,6.7",• Đã bán 1k,So sánh,,,5,Trả chậm 0% trả trước 0đ,,,https://cdn.tgdd.vn/Products/Images/42/361949/samsung-galaxy-s26-plus-12gb-256gb-xanh-duong-thumb-600x600.jpg,25490000,1000,25490000000,Samsung Galaxy S26+ 5G 12GB/256GB,1000,25490000000
1778079858-115,https://www.thegioididong.com/dtdd#c=42&o=13&pi=5,11.090.000₫,OPPO Reno14 F 5G 12GB/256GB,Quà  200.000₫,Full HD+,11.290.000₫,200.000₫,,,256GB,512GB,6.57","• Đã bán 104,2k",So sánh,,,4.9,Trả chậm 0% trả trước 0đ,,,https://cdn.tgdd.vn/Products/Images/42/339177/oppo-reno14-f-5g-12gb-256gb-thumb-600x600.jpg,11090000,104200,1155578000000,OPPO Reno14 F 5G 12GB/256GB,104200,1155578000000
1778079858-116,https://www.thegioididong.com/dtdd#c=42&o=13&pi=5,690.000₫,Mobell M539 4G,,QVGA,,,,,,,2.8","• Đã bán 96,8k",So sánh,,,4.9,,,,,690000,96800,66792000000,Mobell M539 4G,96800,66792000000
1778079858-117,https://www.thegioididong.com/dtdd#c=42&o=13&pi=5,540.000₫,Mobell M331 4G,,QVGA,,,,,,,2.4","• Đã bán 74,3k",So sánh,,,4.9,,,,,540000,74300,40122000000,Mobell M331 4G,74300,40122000000
1778079858-118,https://www.thegioididong.com/dtdd#c=42&o=13&pi=5,3.690.000₫,"Xiaomi Poco C71 4GB/64GB
                Mẫu mới",,HD+,3.990.000₫,,-7%,,,,6.88 ",• Đã bán 20,So sánh,,,5,Mẫu mới,Trả chậm 0% trả trước 0đ,Mẫu mới,,3690000,20,73800000,"Xiaomi Poco C71 4GB/64GB
                Mẫu mới",20,73800000
1778079858-119,https://www.thegioididong.com/dtdd#c=42&o=13&pi=5,9.090.000₫,Xiaomi POCO X7 Pro 5G 12GB/256GB,,1.5K,9.990.000₫,,-9%,,256GB,512GB,6.67",• Đã bán 637,So sánh,,Online giá rẻ quá,5,Trả chậm 0% trả trước 0đ,,,https://cdn.tgdd.vn/Products/Images/42/363473/xiaomi-poco-x7-pro-12-256gb-den-thumb-1-600x600.jpg,9090000,637,5790330000,Xiaomi POCO X7 Pro 5G 12GB/256GB,637,5790330000
1778079858-120,https://www.thegioididong.com/dtdd#c=42&o=13&pi=5,7.920.000₫,Xiaomi Redmi Note 14 Pro 5G 8GB/256GB,,1.5K,9.320.000₫,,-15%,,8GB - 256GB,12GB - 512GB,6.67","• Đã bán 65,5k",So sánh,,,4.9,Trả chậm 0% trả trước 0đ,,,https://cdn.tgdd.vn/Products/Images/42/332938/xiaomi-redmi-note-14-pro-5g-thumb-600x600.jpg,7920000,65500,518760000000,Xiaomi Redmi Note 14 Pro 5G 8GB/256GB,65500,518760000000
