ID_Crawl,Link_Danh_Muc,Gia_Ban_Hien_Tai,Ten_San_Pham,So_Luong_Da_Ban,Gia_Niem_Yet,Phan_Tram_Giam_Gia,Trang_Thai_So_Sanh,Tinh_Trang_Hang_Ban,Diem_Danh_Gia_Sao,Tag_Su_Kien,Tag_Tra_Gop,Tag_Khuyen_Mai_Dac_Biet,Tag_Trang_Thai_Moi,Link_Anh_Thumbnail,Link_Anh_Frame_Khuyen_Mai,Gia_Bang_So,So_Luong_Da_Ban_So,Doanh_Thu,Product,Quantity,Revenue
1778080426-1,https://www.thegioididong.com/chuot-may-tinh#c=86&o=13&pi=4,645.000₫,Chuột Bluetooth Silent Logitech Signature M650,"• Đã bán 26,6k",830.000₫,-22%,So sánh,,4.9,,,,,https://cdn.tgdd.vn/Products/Images/86/299931/chuot-khong-day-logitech-silent-signature-m650-size-m-300523-084259-600x600.jpg,,645000,26600,17157000000,Chuột Bluetooth Silent Logitech Signature M650,26600,17157000000
1778080426-2,https://www.thegioididong.com/chuot-may-tinh#c=86&o=13&pi=4,490.000₫,Chuột Bluetooth Silent Rapoo M590,"• Đã bán 1,2k",590.000₫,-16%,So sánh,,5,,,,,https://cdnv2.tgdd.vn/mwg-static/tgdd/Products/Images/86/358342/chuot-bluetooth-silent-rapoo-m590-231025-023747-874-600x600.jpg,,490000,1200,588000000,Chuột Bluetooth Silent Rapoo M590,1200,588000000
1778080426-3,https://www.thegioididong.com/chuot-may-tinh#c=86&o=13&pi=4,320.000₫,Chuột Bluetooth Akko Cat Theme Mouse Pink ANGIE,• Đã bán 237,370.000₫,-13%,So sánh,Chỉ bán online,5,,,,,https://cdnv2.tgdd.vn/mwg-static/tgdd/Products/Images/86/342568/chuot-bluetooth-akko-cat-theme-mouse-pink-angie-thumb-2-639020975893832934-600x600.jpg,,320000,237,75840000,Chuột Bluetooth Akko Cat Theme Mouse Pink ANGIE,237,75840000
1778080426-4,https://www.thegioididong.com/chuot-may-tinh#c=86&o=13&pi=4,2.890.000₫,Chuột Bluetooth Logitech MX Master 4,• Đã bán 149,3.390.000₫,-14%,So sánh,,5,,,,,https://cdnv2.tgdd.vn/mwg-static/tgdd/Products/Images/86/357602/chuot-bluetooth-logitech-mx-master-4-071025-021949-055-600x600.jpg,,2890000,149,430610000,Chuột Bluetooth Logitech MX Master 4,149,430610000
1778080426-5,https://www.thegioididong.com/chuot-may-tinh#c=86&o=13&pi=4,940.000₫,Chuột Có dây Gaming Razer Basilisk V3,• Đã bán 126,1.190.000₫,-21%,So sánh,,5,Online giá rẻ quá,,,,https://cdnv2.tgdd.vn/mwg-static/tgdd/Products/Images/86/357672/chuot-co-day-gaming-razer-basilisk-v3-thumb-638961457030438394-600x600.jpg,,940000,126,118440000,Chuột Có dây Gaming Razer Basilisk V3,126,118440000
1778080426-6,https://www.thegioididong.com/chuot-may-tinh#c=86&o=13&pi=4,2.490.000₫,Chuột sạc Bluetooth Gaming Razer Cobra Pro,• Đã bán 24,3.190.000₫,-21%,So sánh,,5,Online giá rẻ quá,,,,https://cdnv2.tgdd.vn/mwg-static/tgdd/Products/Images/86/357685/chuot-sac-bluetooth-gaming-razer-cobra-pro-thumb-638961218046925080-600x600.jpg,,2490000,24,59760000,Chuột sạc Bluetooth Gaming Razer Cobra Pro,24,59760000
1778080426-7,https://www.thegioididong.com/chuot-may-tinh#c=86&o=13&pi=4,3.590.000₫,Chuột sạc Bluetooth Gaming Razer Basilisk V3 Pro 35K,• Đã bán 10,4.490.000₫,-20%,So sánh,,5,Online giá rẻ quá,,,,https://cdnv2.tgdd.vn/mwg-static/tgdd/Products/Images/86/357676/chuot-sac-bluetooth-gaming-razer-basilisk-v3-pro-35k-thumb-638961212130006611-600x600.jpg,,3590000,10,35900000,Chuột sạc Bluetooth Gaming Razer Basilisk V3 Pro 35K,10,35900000
1778080426-8,https://www.thegioididong.com/chuot-may-tinh#c=86&o=13&pi=4,2.860.000₫,Chuột sạc Không dây Gaming Razer DeathAdder V3 Pro,• Đã bán 6,3.690.000₫,-22%,So sánh,,5,Online giá rẻ quá,,,,https://cdnv2.tgdd.vn/mwg-static/tgdd/Products/Images/86/357690/chuot-sac-khong-day-gaming-razer-deathadder-v3-pro-thumb-638962047994084254-600x600.jpg,,2860000,6,17160000,Chuột sạc Không dây Gaming Razer DeathAdder V3 Pro,6,17160000
1778080426-9,https://www.thegioididong.com/chuot-may-tinh#c=86&o=13&pi=4,1.590.000₫,Chuột Có dây Gaming Razer DeathAdder V3,• Đã bán 21,1.890.000₫,-15%,So sánh,,5,,,,,https://cdnv2.tgdd.vn/mwg-static/tgdd/Products/Images/86/357966/chuot-co-day-gaming-razer-deathadder-v3-thumb-638962333391941771-600x600.jpg,,1590000,21,33390000,Chuột Có dây Gaming Razer DeathAdder V3,21,33390000
1778080426-10,https://www.thegioididong.com/chuot-may-tinh#c=86&o=13&pi=4,725.000₫,Chuột Không dây Gaming Logitech G304,"• Đã bán 4,3k",930.000₫,-22%,So sánh,,4.9,,,,,https://cdn.tgdd.vn/Products/Images/86/326724/chuot-bluetooth-gaming-logitech-g304-den-600x600.jpg,,725000,4300,3117500000,Chuột Không dây Gaming Logitech G304,4300,3117500000
1778080426-11,https://www.thegioididong.com/chuot-may-tinh#c=86&o=13&pi=4,220.000₫,Chuột Bluetooth Philips SPK7438,• Đã bán 2k,,,So sánh,,5,,,,,https://cdnv2.tgdd.vn/mwg-static/tgdd/Products/Images/86/342853/chuot-bluetooth-philips-spk7438-xanh-thumb-638920747733583537-600x600.jpg,,220000,2000,440000000,Chuột Bluetooth Philips SPK7438,2000,440000000
1778080426-12,https://www.thegioididong.com/chuot-may-tinh#c=86&o=13&pi=4,320.000₫,Chuột Bluetooth Akko Cat Theme Mouse Orange KATE,• Đã bán 104,370.000₫,-13%,So sánh,Chỉ bán online,,,,,,https://cdnv2.tgdd.vn/mwg-static/tgdd/Products/Images/86/342567/chuot-bluetooth-akko-cat-theme-mouse-orange-kate-thumb-2-639020977017719720-600x600.jpg,,320000,104,33280000,Chuột Bluetooth Akko Cat Theme Mouse Orange KATE,104,33280000
1778080426-13,https://www.thegioididong.com/chuot-may-tinh#c=86&o=13&pi=4,390.000₫,Chuột Có dây Gaming Asus TUF M3 Gen II,"• Đã bán 13,8k",580.000₫,-32%,So sánh,,4.9,,,,,https://cdn.tgdd.vn/Products/Images/86/313254/chuot-co-day-gaming-asus-tuf-m3-gen-ii-thumb-600x600.jpg,,390000,13800,5382000000,Chuột Có dây Gaming Asus TUF M3 Gen II,13800,5382000000
1778080426-14,https://www.thegioididong.com/chuot-may-tinh#c=86&o=13&pi=4,80.000₫,Chuột Không Dây Silent Rapoo B1S,"• Đã bán 9,5k",110.000₫,-27%,So sánh,,4.9,Online giá rẻ quá,,,,https://cdnv2.tgdd.vn/mwg-static/tgdd/Products/Images/86/341114/chuot-khong-day-silent-rapoo-b1s-300725-033613-810-600x600.jpg,,80000,9500,760000000,Chuột Không Dây Silent Rapoo B1S,9500,760000000
1778080426-15,https://www.thegioididong.com/chuot-may-tinh#c=86&o=13&pi=4,390.000₫,Chuột Có dây Gaming Corsair Katar PRO,• Đã bán 938,415.000₫,-6%,So sánh,,5,,,,,https://cdn.tgdd.vn/Products/Images/86/328220/chuot-co-day-gaming-corsair-katar-pro-240724-034643-600x600.jpg,,390000,938,365820000,Chuột Có dây Gaming Corsair Katar PRO,938,365820000
1778080426-16,https://www.thegioididong.com/chuot-may-tinh#c=86&o=13&pi=4,1.550.000₫,Chuột sạc Bluetooth Silent Logitech MX Anywhere 3s,"• Đã bán 1,3k",2.150.000₫,-27%,So sánh,,4.9,,,,,https://cdn.tgdd.vn/Products/Images/86/326657/chuot-bluetooth-silent-logitech-mx-anywhere-3s-hong-600x600.jpg,,1550000,1300,2015000000,Chuột sạc Bluetooth Silent Logitech MX Anywhere 3s,1300,2015000000
1778080426-17,https://www.thegioididong.com/chuot-may-tinh#c=86&o=13&pi=4,990.000₫,Chuột Bluetooth Gaming Asus ROG Strix Impact III,• Đã bán 359,1.655.000₫,-40%,So sánh,,5,,,,,https://cdn.tgdd.vn/Products/Images/86/326663/chuot-gaming-khong-day-asus-rog-strix-impact-iii-thumb-600x600.jpg,,990000,359,355410000,Chuột Bluetooth Gaming Asus ROG Strix Impact III,359,355410000
1778080426-18,https://www.thegioididong.com/chuot-may-tinh#c=86&o=13&pi=4,920.000₫,Chuột Có dây Gaming Logitech G502 Hero,• Đã bán 798,1.360.000₫,-32%,So sánh,,5,Online giá rẻ quá,,,,https://cdnv2.tgdd.vn/mwg-static/tgdd/Products/Images/86/326725/chuot-co-day-gaming-logitech-g502-hero-240125-080633-229-600x600.jpg,,920000,798,734160000,Chuột Có dây Gaming Logitech G502 Hero,798,734160000
1778080426-19,https://www.thegioididong.com/chuot-may-tinh#c=86&o=13&pi=4,320.000₫,Chuột Bluetooth Silent Logitech M240,"• Đã bán 118,6k",395.000₫,-18%,So sánh,,4.9,,,,,https://cdn.tgdd.vn/Products/Images/86/311113/chuot-bluetooth-silent-logitech-m240-thumb-600x600.jpg,,320000,118600,37952000000,Chuột Bluetooth Silent Logitech M240,118600,37952000000
1778080426-20,https://www.thegioididong.com/chuot-may-tinh#c=86&o=13&pi=4,215.000₫,Chuột Bluetooth Silent Rapoo B2W,"• Đã bán 19,1k",245.000₫,-12%,So sánh,,4.9,,,,,https://cdnv2.tgdd.vn/mwg-static/tgdd/Products/Images/86/338174/chuot-bluetooth-silent-rapoo-b2w-160525-040314-132-600x600.jpg,,215000,19100,4106500000,Chuột Bluetooth Silent Rapoo B2W,19100,4106500000
1778080426-21,https://www.thegioididong.com/chuot-may-tinh#c=86&o=13&pi=4,1.220.000₫,Chuột sạc Bluetooth Gaming Corsair Harpoon RGB,• Đã bán 425,1.370.000₫,-10%,So sánh,,4.9,,,,,https://cdn.tgdd.vn/Products/Images/86/226483/chuot-bluetooth-gaming-corsair-harpoon-rgb-den01-01-600x600.jpg,,1220000,425,518500000,Chuột sạc Bluetooth Gaming Corsair Harpoon RGB,425,518500000
1778080426-22,https://www.thegioididong.com/chuot-may-tinh#c=86&o=13&pi=4,340.000₫,Chuột Không dây Silent Logitech M331,"• Đã bán 30,4k",475.000₫,-28%,So sánh,,4.9,,,,,https://cdnv2.tgdd.vn/mwg-static/tgdd/Products/Images/86/233296/chuot-khong-day-silent-logitech-m331-070125-014541-867-600x600.jpg,,340000,30400,10336000000,Chuột Không dây Silent Logitech M331,30400,10336000000
1778080426-23,https://www.thegioididong.com/chuot-may-tinh#c=86&o=13&pi=4,2.390.000₫,Chuột sạc Không dây Gaming Logitech G Pro X Superlight,• Đã bán 63,3.130.000₫,-23%,So sánh,,5,Online giá rẻ quá,,,,https://cdn.tgdd.vn/Products/Images/86/326726/chuot-khong-day-gaming-logitech-g-pro-x-superlight-trang-600x600.jpg,,2390000,63,150570000,Chuột sạc Không dây Gaming Logitech G Pro X Superlight,63,150570000
1778080426-24,https://www.thegioididong.com/chuot-may-tinh#c=86&o=13&pi=4,75.000₫,Chuột Có dây Gaming Rapoo V10SE,"• Đã bán 2,7k",105.000₫,-28%,So sánh,Chỉ bán online,4.9,,,,,https://cdnv2.tgdd.vn/mwg-static/tgdd/Products/Images/86/339137/chuot-co-day-gaming-rapoo-v10s-070625-033053-694-600x600.jpg,,75000,2700,202500000,Chuột Có dây Gaming Rapoo V10SE,2700,202500000
1778080426-25,https://www.thegioididong.com/chuot-may-tinh#c=86&o=13&pi=4,215.000₫,Chuột Bluetooth Philips SPK7448,"• Đã bán 9,3k",245.000₫,-12%,So sánh,Chỉ bán online,4.9,,,,,https://cdnv2.tgdd.vn/mwg-static/tgdd/Products/Images/86/338173/chuot-bluetooth-philips-spk7448-160525-113102-604-600x600.jpg,,215000,9300,1999500000,Chuột Bluetooth Philips SPK7448,9300,1999500000
1778080426-26,https://www.thegioididong.com/chuot-may-tinh#c=86&o=13&pi=4,230.000₫,Chuột Không Dây Logitech M171,"• Đã bán 77,8k",315.000₫,-26%,So sánh,,4.9,Online giá rẻ quá,,,,https://cdn.tgdd.vn/Products/Images/86/299928/chuot-khong-day-logitech-m171-thumb2-600x600.jpeg,,230000,77800,17894000000,Chuột Không Dây Logitech M171,77800,17894000000
1778080426-27,https://www.thegioididong.com/chuot-may-tinh#c=86&o=13&pi=4,210.000₫,Chuột Bluetooth Silent Ugreen MU001,"• Đã bán 3,6k",350.000₫,-40%,So sánh,,4.9,Online giá rẻ quá,,,,https://cdn.tgdd.vn/Products/Images/86/318349/chuot-bluetooth-silent-ugreen-mu001-thumb-2mau-xanh-600x600.jpg,,210000,3600,756000000,Chuột Bluetooth Silent Ugreen MU001,3600,756000000
1778080426-28,https://www.thegioididong.com/chuot-may-tinh#c=86&o=13&pi=4,2.440.000₫,Chuột sạc Bluetooth Asus ROG Harpe Ace Aim Lab Edition,• Đã bán 36,2.640.000₫,-7%,So sánh,,5,,,,,https://cdnv2.tgdd.vn/mwg-static/tgdd/Products/Images/86/337338/chuot-sac-bluetooth-asus-rog-harpe-ace-aim-lab-edition-240425-032720-206-600x600.jpg,,2440000,36,87840000,Chuột sạc Bluetooth Asus ROG Harpe Ace Aim Lab Edition,36,87840000
1778080426-29,https://www.thegioididong.com/chuot-may-tinh#c=86&o=13&pi=4,160.000₫,Chuột Không dây Silent Rapoo B2S,"• Đã bán 243,7k",195.000₫,-17%,So sánh,,4.9,,,,,https://cdn.tgdd.vn/Products/Images/86/314637/chuot-khong-day-silent-rapoo-b2s-thumb-2-600x600.jpg,,160000,243700,38992000000,Chuột Không dây Silent Rapoo B2S,243700,38992000000
1778080426-30,https://www.thegioididong.com/chuot-may-tinh#c=86&o=13&pi=4,95.000₫,Chuột Có dây Silent Rapoo N1200,"• Đã bán 230,5k",,,So sánh,,4.9,,,,,https://cdnv2.tgdd.vn/mwg-static/tgdd/Products/Images/86/235979/chuot-co-day-silent-rapoo-n1200-den-300725-033817-152-600x600.jpg,,95000,230500,21897500000,Chuột Có dây Silent Rapoo N1200,230500,21897500000
1778080426-31,https://www.thegioididong.com/chuot-may-tinh#c=86&o=13&pi=4,100.000₫,Chuột Không dây DareU LM106G,"• Đã bán 159,9k",145.000₫,-31%,So sánh,,4.9,Online giá rẻ quá,,,,https://cdn.tgdd.vn/Products/Images/86/293996/chuot-khong-day-dareu-lm106g-den-thumb-1-600x600.jpg,,100000,159900,15990000000,Chuột Không dây DareU LM106G,159900,15990000000
1778080426-32,https://www.thegioididong.com/chuot-may-tinh#c=86&o=13&pi=4,210.000₫,Chuột Không dây Logitech M170,"• Đã bán 115,3k",260.000₫,-19%,So sánh,,4.9,,,,,https://cdn.tgdd.vn/Products/Images/86/195376/chuot-khong-day-logitech-m170-den-thumb3-600x600.jpeg,,210000,115300,24213000000,Chuột Không dây Logitech M170,115300,24213000000
1778080426-33,https://www.thegioididong.com/chuot-may-tinh#c=86&o=13&pi=4,225.000₫,Chuột Không dây Logitech M185,"• Đã bán 63,9k",280.000₫,-19%,So sánh,,4.9,,,,,https://cdnv2.tgdd.vn/mwg-static/tgdd/Products/Images/86/223821/chuot-khong-day-logitech-m185-081024-105914-464-600x600.jpg,,225000,63900,14377500000,Chuột Không dây Logitech M185,63900,14377500000
1778080426-34,https://www.thegioididong.com/chuot-may-tinh#c=86&o=13&pi=4,400.000₫,Chuột Có dây Gaming Logitech G102 Gen2 Lightsync,• Đã bán 22k,590.000₫,-32%,So sánh,,4.9,,,,,https://cdn.tgdd.vn/Products/Images/86/234490/chuot-gaming-logitech-g102-gen2-lightsync-01-600x600.jpg,,400000,22000,8800000000,Chuột Có dây Gaming Logitech G102 Gen2 Lightsync,22000,8800000000
1778080426-35,https://www.thegioididong.com/chuot-may-tinh#c=86&o=13&pi=4,125.000₫,Chuột Không dây Rapoo M216,"• Đã bán 198,1k",155.000₫,-19%,So sánh,,4.9,,,,,https://cdn.tgdd.vn/Products/Images/86/252625/chuot-khong-day-rapoo-m216-den-thumb4-600x600.jpeg,,125000,198100,24762500000,Chuột Không dây Rapoo M216,198100,24762500000
1778080426-36,https://www.thegioididong.com/chuot-may-tinh#c=86&o=13&pi=4,1.890.000₫,Chuột Apple Magic Mouse USB C,"• Đã bán 7,2k",,,So sánh,,4.9,,Trả chậm 0% trả trước 0đ,,,https://cdnv2.tgdd.vn/mwg-static/tgdd/Products/Images/86/332191/chuot-apple-magic-mouse-usb-c-211124-020435-181-600x600.jpg,,1890000,7200,13608000000,Chuột Apple Magic Mouse USB C,7200,13608000000
1778080426-37,https://www.thegioididong.com/chuot-may-tinh#c=86&o=13&pi=4,200.000₫,Chuột Không dây Philips SPK7388,• Đã bán 893,250.000₫,-20%,So sánh,,5,,,,,https://cdnv2.tgdd.vn/mwg-static/tgdd/Products/Images/86/361162/chuot-khong-day-philips-spk7388-thumb-639027429884469182-600x600.jpg,,200000,893,178600000,Chuột Không dây Philips SPK7388,893,178600000
1778080426-38,https://www.thegioididong.com/chuot-may-tinh#c=86&o=13&pi=4,225.000₫,"Chuột sạc Bluetooth Dareu LM165D
                Mẫu mới",• Đã bán 263,250.000₫,-10%,So sánh,,5,,Mẫu mới,,Mẫu mới,https://cdnv2.tgdd.vn/mwg-static/tgdd/Products/Images/86/365038/chuot-sac-bluetooth-dareu-lm165d-den-thumb-639108353264468995-600x600.jpg,,225000,263,59175000,"Chuột sạc Bluetooth Dareu LM165D
                Mẫu mới",263,59175000
1778080426-39,https://www.thegioididong.com/chuot-may-tinh#c=86&o=13&pi=4,210.000₫,Chuột Bluetooth Silent Ugreen MU006,"• Đã bán 2,8k",350.000₫,-40%,So sánh,,4.9,Online giá rẻ quá,,,,https://cdn.tgdd.vn/Products/Images/86/318351/chuot-bluetooth-silent-ugreen-mu006-thumb-600x600.jpg,,210000,2800,588000000,Chuột Bluetooth Silent Ugreen MU006,2800,588000000
1778080426-40,https://www.thegioididong.com/chuot-may-tinh#c=86&o=13&pi=4,160.000₫,Chuột Không Dây Silent Ugreen MU105,• Đã bán 7k,230.000₫,-30%,So sánh,,4.9,,,,,https://cdn.tgdd.vn/Products/Images/86/318347/chuot-khong-day-silent-ugreen-mu105-thumb-hong-600x600.jpg,,160000,7000,1120000000,Chuột Không Dây Silent Ugreen MU105,7000,1120000000
1778080426-41,https://www.thegioididong.com/chuot-may-tinh#c=86&o=13&pi=4,180.000₫,Chuột Không Dây Silent Ugreen MU006,"• Đã bán 5,9k",250.000₫,-28%,So sánh,,4.9,,,,,https://cdn.tgdd.vn/Products/Images/86/318350/chuot-khong-day-silent-ugreen-mu006-thumb-1-600x600.jpg,,180000,5900,1062000000,Chuột Không Dây Silent Ugreen MU006,5900,1062000000
1778080426-42,https://www.thegioididong.com/chuot-may-tinh#c=86&o=13&pi=4,125.000₫,Chuột Có dây Gaming Rapoo V11s,"• Đã bán 4,1k",195.000₫,-35%,So sánh,,5,Online giá rẻ quá,,,,https://cdnv2.tgdd.vn/mwg-static/tgdd/Products/Images/86/330650/chuot-co-day-gaming-rapoo-v11s-071024-022337-961-600x600.jpg,,125000,4100,512500000,Chuột Có dây Gaming Rapoo V11s,4100,512500000
1778080426-43,https://www.thegioididong.com/chuot-may-tinh#c=86&o=13&pi=4,470.000₫,"Chuột sạc Bluetooth Gaming Dareu EM911T
                Mẫu mới",• Đã bán 82,500.000₫,-6%,So sánh,,5,,Mẫu mới,,Mẫu mới,https://cdnv2.tgdd.vn/mwg-static/tgdd/Products/Images/86/365207/chuot-sac-bluetooth-gaming-dareu-em911t-den-thumb-639110926991281372-600x600.jpg,,470000,82,38540000,"Chuột sạc Bluetooth Gaming Dareu EM911T
                Mẫu mới",82,38540000
1778080426-44,https://www.thegioididong.com/chuot-may-tinh#c=86&o=13&pi=4,575.000₫,Chuột Bluetooth Silent Logitech M550L,"• Đã bán 5,2k",735.000₫,-21%,So sánh,,4.9,,,,,https://cdn.tgdd.vn/Products/Images/86/327947/chuot-bluetooth-silent-logitech-m550l-150724-033741-600x600.jpg,,575000,5200,2990000000,Chuột Bluetooth Silent Logitech M550L,5200,2990000000
1778080426-45,https://www.thegioididong.com/chuot-may-tinh#c=86&o=13&pi=4,125.000₫,Chuột Không dây Silent Zadez M326,"• Đã bán 30,3k",195.000₫,-35%,So sánh,,4.9,,,,,https://cdn.tgdd.vn/Products/Images/86/310084/chuot-khong-day-zadez-m326-thumb-600x600.jpg,,125000,30300,3787500000,Chuột Không dây Silent Zadez M326,30300,3787500000
1778080426-46,https://www.thegioididong.com/chuot-may-tinh#c=86&o=13&pi=4,310.000₫,Chuột Có dây Gaming Dareu EM908X,• Đã bán 355,390.000₫,-20%,So sánh,,5,,,,,https://cdnv2.tgdd.vn/mwg-static/tgdd/Products/Images/86/339131/chuot-co-day-gaming-dareu-em908x-020725-034520-001-600x600.jpg,,310000,355,110050000,Chuột Có dây Gaming Dareu EM908X,355,110050000
1778080426-47,https://www.thegioididong.com/chuot-may-tinh#c=86&o=13&pi=4,320.000₫,Chuột Có dây Gaming Machenike M7 Pro Wired,• Đã bán 310,350.000₫,-8%,So sánh,,5,,,,,https://cdnv2.tgdd.vn/mwg-static/tgdd/Products/Images/86/361806/chuot-co-day-gaming-machenike-m7-pro-wired-thumb-639040958014024006-600x600.jpg,,320000,310,99200000,Chuột Có dây Gaming Machenike M7 Pro Wired,310,99200000
1778080426-48,https://www.thegioididong.com/chuot-may-tinh#c=86&o=13&pi=4,380.000₫,Chuột Có dây Gaming Razer DeathAdder Essential,• Đã bán 638,460.000₫,-17%,So sánh,,4.9,,,,,https://cdn.tgdd.vn/Products/Images/86/243418/chuot-co-day-gaming-razer-deathadder-essential-thumb-600x600.jpeg,,380000,638,242440000,Chuột Có dây Gaming Razer DeathAdder Essential,638,242440000
1778080426-49,https://www.thegioididong.com/chuot-may-tinh#c=86&o=13&pi=4,175.000₫,Chuột Không dây Silent Rapoo M320,• Đã bán 10k,245.000₫,-28%,So sánh,,4.9,Online giá rẻ quá,,,,https://cdn.tgdd.vn/Products/Images/86/311112/chuot-khong-day-silent-rapoo-m320-thumb-600x600.jpg,,175000,10000,1750000000,Chuột Không dây Silent Rapoo M320,10000,1750000000
1778080426-50,https://www.thegioididong.com/chuot-may-tinh#c=86&o=13&pi=4,225.000₫,Chuột Bluetooth Silent Rapoo M320B,"• Đã bán 3,8k",315.000₫,-28%,So sánh,,4.9,Online giá rẻ quá,,,,https://cdnv2.tgdd.vn/mwg-static/tgdd/Products/Images/86/322594/chuot-bluetooth-silent-rapoo-m320b-200924-094337-686-600x600.jpg,,225000,3800,855000000,Chuột Bluetooth Silent Rapoo M320B,3800,855000000
1778080426-51,https://www.thegioididong.com/chuot-may-tinh#c=86&o=13&pi=4,245.000₫,Chuột sạc Bluetooth HyperWork Core Click,• Đã bán 223,270.000₫,-9%,So sánh,,5,,,,,https://cdnv2.tgdd.vn/mwg-static/tgdd/Products/Images/86/362512/chuot-sac-bluetooth-hyperwork-core-click-thumb-639058117220531760-600x600.jpg,,245000,223,54635000,Chuột sạc Bluetooth HyperWork Core Click,223,54635000
1778080426-52,https://www.thegioididong.com/chuot-may-tinh#c=86&o=13&pi=4,265.000₫,Chuột Có dây Gaming Rapoo V16S,"• Đã bán 2,8k",295.000₫,-10%,So sánh,,4.9,,,,,https://cdn.tgdd.vn/Products/Images/86/307842/chuot-co-day-gaming-rapoo-v16s-thumb-600x600.jpg,,265000,2800,742000000,Chuột Có dây Gaming Rapoo V16S,2800,742000000
1778080426-53,https://www.thegioididong.com/chuot-may-tinh#c=86&o=13&pi=4,170.000₫,Chuột Không dây Silent Ugreen MU001,"• Đã bán 1,5k",250.000₫,-32%,So sánh,,4.9,Online giá rẻ quá,,,,https://cdn.tgdd.vn/Products/Images/86/318348/chuot-khong-day-silent-ugreen-mu001-den-thumb-600x600.jpg,,170000,1500,255000000,Chuột Không dây Silent Ugreen MU001,1500,255000000
1778080426-54,https://www.thegioididong.com/chuot-may-tinh#c=86&o=13&pi=4,640.000₫,Chuột sạc Bluetooth Gaming Machenike L9 X1 3311,• Đã bán 213,690.000₫,-7%,So sánh,,5,,,,,https://cdnv2.tgdd.vn/mwg-static/tgdd/Products/Images/86/361807/chuot-sac-bluetooth-gaming-machenike-l9-x1-3311-thumb-2-639044102475025214-600x600.jpg,,640000,213,136320000,Chuột sạc Bluetooth Gaming Machenike L9 X1 3311,213,136320000
1778080426-55,https://www.thegioididong.com/chuot-may-tinh#c=86&o=13&pi=4,305.000₫,Chuột Bluetooth HP 240,• Đã bán 709,,,So sánh,,5,,,,,https://cdn.tgdd.vn/Products/Images/86/327823/chuot-bluetooth-hp-240-150724-015306-600x600.jpg,,305000,709,216245000,Chuột Bluetooth HP 240,709,216245000
1778080426-56,https://www.thegioididong.com/chuot-may-tinh#c=86&o=13&pi=4,365.000₫,Chuột sạc Bluetooth HyperWork Silentium Mini,• Đã bán 127,400.000₫,-8%,So sánh,,5,,,,,https://cdnv2.tgdd.vn/mwg-static/tgdd/Products/Images/86/362504/chuot-sac-bluetooth-hyperwork-silentium-mini-thumb-639058008742704338-600x600.jpg,,365000,127,46355000,Chuột sạc Bluetooth HyperWork Silentium Mini,127,46355000
1778080426-57,https://www.thegioididong.com/chuot-may-tinh#c=86&o=13&pi=4,165.000₫,Chuột Không dây Silent Zadez M338,"• Đã bán 11,1k",245.000₫,-32%,So sánh,,4.9,,,,,https://cdn.tgdd.vn/Products/Images/86/328503/chuot-khong-day-silent-zadez-m338-130824-105814-600x600.jpg,,165000,11100,1831500000,Chuột Không dây Silent Zadez M338,11100,1831500000
1778080426-58,https://www.thegioididong.com/chuot-may-tinh#c=86&o=13&pi=4,545.000₫,Chuột sạc Bluetooth HyperWork Silentium MS01,• Đã bán 116,600.000₫,-9%,So sánh,,5,,,,,https://cdnv2.tgdd.vn/mwg-static/tgdd/Products/Images/86/362506/chuot-sac-bluetooth-hyperwork-silentium-ms01-thumb-639058101409097390-600x600.jpg,,545000,116,63220000,Chuột sạc Bluetooth HyperWork Silentium MS01,116,63220000
1778080426-59,https://www.thegioididong.com/chuot-may-tinh#c=86&o=13&pi=4,645.000₫,Chuột sạc Bluetooth HyperWork Silentium Gen 2,• Đã bán 74,700.000₫,-7%,So sánh,,5,,,,,https://cdnv2.tgdd.vn/mwg-static/tgdd/Products/Images/86/362508/chuot-sac-bluetooth-hyperwork-silentium-gen-2-thumb-639058113890593952-600x600.jpg,,645000,74,47730000,Chuột sạc Bluetooth HyperWork Silentium Gen 2,74,47730000
1778080426-60,https://www.thegioididong.com/chuot-may-tinh#c=86&o=13&pi=4,525.000₫,Chuột Bluetooth Silent Asus Marshmallow MD100,"• Đã bán 2,4k",775.000₫,-32%,So sánh,,4.9,,,,,https://cdn.tgdd.vn/Products/Images/86/326668/chuot-bluetooth-silent-asus-marshmallow-md100-xanh-600x600.jpg,,525000,2400,1260000000,Chuột Bluetooth Silent Asus Marshmallow MD100,2400,1260000000
1778080426-61,https://www.thegioididong.com/chuot-may-tinh#c=86&o=13&pi=4,2.990.000₫,Bàn di chuột Apple Magic Trackpad USB C,• Đã bán 268,,,So sánh,,4.9,,Trả chậm 0% trả trước 0đ,,,https://cdnv2.tgdd.vn/mwg-static/tgdd/Products/Images/86/332196/ban-di-chuot-apple-magic-trackpad-usb-c-200325-021039-775-600x600.jpg,,2990000,268,801320000,Bàn di chuột Apple Magic Trackpad USB C,268,801320000
1778080426-62,https://www.thegioididong.com/chuot-may-tinh#c=86&o=13&pi=4,330.000₫,Chuột Có dây Gaming Dareu EM911,• Đã bán 680,440.000₫,-25%,So sánh,,5,,,,,https://cdnv2.tgdd.vn/mwg-static/tgdd/Products/Images/86/339134/chuot-co-day-gaming-dareu-em911-020725-034322-274-600x600.jpg,,330000,680,224400000,Chuột Có dây Gaming Dareu EM911,680,224400000
1778080426-63,https://www.thegioididong.com/chuot-may-tinh#c=86&o=13&pi=4,680.000₫,Chuột sạc Không dây Gaming Dareu EM901X,• Đã bán 284,880.000₫,-22%,So sánh,,5,Online giá rẻ quá,,,,https://cdnv2.tgdd.vn/mwg-static/tgdd/Products/Images/86/339130/chuot-sac-khong-day-gaming-dareu-em901x-050625-032846-316-600x600.jpg,,680000,284,193120000,Chuột sạc Không dây Gaming Dareu EM901X,284,193120000
1778080426-64,https://www.thegioididong.com/chuot-may-tinh#c=86&o=13&pi=4,620.000₫,"Chuột sạc Bluetooth Gaming Dareu EM950T
                Mẫu mới",• Đã bán 23,650.000₫,,So sánh,,5,,Mẫu mới,,Mẫu mới,https://cdnv2.tgdd.vn/mwg-static/tgdd/Products/Images/86/365037/chuot-sac-bluetooth-gaming-dareu-em950t-trang-thunb-639108341633494107-600x600.jpg,,620000,23,14260000,"Chuột sạc Bluetooth Gaming Dareu EM950T
                Mẫu mới",23,14260000
1778080426-65,https://www.thegioididong.com/chuot-may-tinh#c=86&o=13&pi=4,320.000₫,Chuột Không Dây Akko Cat Theme Mouse MIMO,• Đã bán 71,370.000₫,-13%,So sánh,Chỉ bán online,5,,,,,https://cdnv2.tgdd.vn/mwg-static/tgdd/Products/Images/86/342566/chuot-khong-day-akko-cat-theme-mouse-mimo-thumb-638912821684646480-600x600.jpg,,320000,71,22720000,Chuột Không Dây Akko Cat Theme Mouse MIMO,71,22720000
1778080426-66,https://www.thegioididong.com/chuot-may-tinh#c=86&o=13&pi=4,280.000₫,Chuột Không dây Logitech M275,• Đã bán 891,380.000₫,-26%,So sánh,,5,,,,,https://cdn.tgdd.vn/Products/Images/86/328848/chuot-khong-day-logitech-m275-170824-061103-600x600.jpg,,280000,891,249480000,Chuột Không dây Logitech M275,891,249480000
1778080426-67,https://www.thegioididong.com/chuot-may-tinh#c=86&o=13&pi=4,1.050.000₫,"Chuột sạc Không dây Gaming Rapoo VT7 Max
                Mẫu mới",• Đã bán 9,1.390.000₫,-24%,So sánh,,5,Online giá rẻ quá,Mẫu mới,,Mẫu mới,https://cdnv2.tgdd.vn/mwg-static/tgdd/Products/Images/86/363936/chuot-sac-khong-day-gaming-rapoo-vt7-max-thumb-639092594438166390-600x600.jpg,,1050000,9,9450000,"Chuột sạc Không dây Gaming Rapoo VT7 Max
                Mẫu mới",9,9450000
1778080426-68,https://www.thegioididong.com/chuot-may-tinh#c=86&o=13&pi=4,920.000₫,Chuột Có dây Gaming Logitech G403 Hero,• Đã bán 301,1.165.000₫,-21%,So sánh,,5,,,,,https://cdn.tgdd.vn/Products/Images/86/209753/chuot-gaming-logitech-g403-hero-den01-600x600.jpg,,920000,301,276920000,Chuột Có dây Gaming Logitech G403 Hero,301,276920000
1778080426-69,https://www.thegioididong.com/chuot-may-tinh#c=86&o=13&pi=4,215.000₫,Chuột Không dây Silent Rapoo M310 Đen,"• Đã bán 6,7k",245.000₫,-12%,So sánh,,4.9,,,,,https://cdn.tgdd.vn/Products/Images/86/325170/chuot-khong-day-silent-rapoo-m310-den-thumb-600x600.jpg,,215000,6700,1440500000,Chuột Không dây Silent Rapoo M310 Đen,6700,1440500000
1778080426-70,https://www.thegioididong.com/chuot-may-tinh#c=86&o=13&pi=4,990.000₫,Chuột Bluetooth Gaming Asus ROG Strix Impact III Trắng,• Đã bán 78,1.655.000₫,-40%,So sánh,,5,,,,,https://cdnv2.tgdd.vn/mwg-static/tgdd/Products/Images/86/359535/chuot-bluetooth-gaming-asus-rog-strix-impact-iii-trang-thumb-2-639002065509354781-600x600.jpg,,990000,78,77220000,Chuột Bluetooth Gaming Asus ROG Strix Impact III Trắng,78,77220000
1778080426-71,https://www.thegioididong.com/chuot-may-tinh#c=86&o=13&pi=4,1.390.000₫,Chuột Bluetooth Logitech Lift Vertical,• Đã bán 332,1.460.000₫,,So sánh,,4.9,,,,,https://cdn.tgdd.vn/Products/Images/86/326662/chuot-bluetooth-logitech-lift-vertical-600x600.jpg,,1390000,332,461480000,Chuột Bluetooth Logitech Lift Vertical,332,461480000
1778080426-72,https://www.thegioididong.com/chuot-may-tinh#c=86&o=13&pi=4,1.490.000₫,Chuột Không dây Gaming Razer Viper V3 HyperSpeed,• Đã bán 54,1.890.000₫,-21%,So sánh,,,,,,,https://cdnv2.tgdd.vn/mwg-static/tgdd/Products/Images/86/357718/chuot-khong-day-gaming-razer-viper-v3-hyperspeed-thumb-638967429892698468-600x600.jpg,,1490000,54,80460000,Chuột Không dây Gaming Razer Viper V3 HyperSpeed,54,80460000
1778080426-73,https://www.thegioididong.com/chuot-may-tinh#c=86&o=13&pi=4,1.050.000₫,"Chuột sạc Không dây Gaming Rapoo VT3S Max
                Mẫu mới",• Đã bán 7,1.390.000₫,-24%,So sánh,,5,Online giá rẻ quá,Mẫu mới,,Mẫu mới,https://cdnv2.tgdd.vn/mwg-static/tgdd/Products/Images/86/363934/chuot-sac-khong-day-gaming-rapoo-vt3s-max-thumb-639092561435109072-600x600.jpg,,1050000,7,7350000,"Chuột sạc Không dây Gaming Rapoo VT3S Max
                Mẫu mới",7,7350000
1778080426-74,https://www.thegioididong.com/chuot-may-tinh#c=86&o=13&pi=4,3.115.000₫,Chuột sạc Không dây Gaming Logitech G502 X Plus Lightspeed,• Đã bán 102,3.815.000₫,-18%,So sánh,,5,,,,,https://cdn.tgdd.vn/Products/Images/86/326734/chuot-khong-day-gaming-logitech-g502-x-plus-lightspeed-600x600.jpg,,3115000,102,317730000,Chuột sạc Không dây Gaming Logitech G502 X Plus Lightspeed,102,317730000
1778080426-75,https://www.thegioididong.com/chuot-may-tinh#c=86&o=13&pi=4,1.050.000₫,"Chuột sạc Không dây Gaming Rapoo VT0 Max
                Mẫu mới",• Đã bán 7,1.390.000₫,-24%,So sánh,,5,Online giá rẻ quá,Mẫu mới,,Mẫu mới,https://cdnv2.tgdd.vn/mwg-static/tgdd/Products/Images/86/363928/chuot-sac-khong-day-gaming-rapoo-vt0-max-thumb-639094865709152599-600x600.jpg,,1050000,7,7350000,"Chuột sạc Không dây Gaming Rapoo VT0 Max
                Mẫu mới",7,7350000
1778080426-76,https://www.thegioididong.com/chuot-may-tinh#c=86&o=13&pi=4,1.050.000₫,"Chuột sạc Không dây Gaming Rapoo VT9 Max
                Mẫu mới",• Đã bán 9,1.390.000₫,-24%,So sánh,,5,Online giá rẻ quá,Mẫu mới,,Mẫu mới,https://cdnv2.tgdd.vn/mwg-static/tgdd/Products/Images/86/363939/chuot-sac-khong-day-gaming-rapoo-vt9-max-thumb-639088463228387945-600x600.jpg,,1050000,9,9450000,"Chuột sạc Không dây Gaming Rapoo VT9 Max
                Mẫu mới",9,9450000
1778080426-77,https://www.thegioididong.com/chuot-may-tinh#c=86&o=13&pi=4,125.000₫,Chuột Không dây Zadez M338,"• Đã bán 30,7k",195.000₫,-35%,So sánh,,4.9,,,,,https://cdn.tgdd.vn/Products/Images/86/229589/chuot-khong-day-zadez-m338-thumb4-600x600.jpeg,,125000,30700,3837500000,Chuột Không dây Zadez M338,30700,3837500000
1778080426-78,https://www.thegioididong.com/chuot-may-tinh#c=86&o=13&pi=4,220.000₫,Chuột Bluetooth Silent DareU LM115B,"• Đã bán 10,8k",345.000₫,-36%,So sánh,,4.9,Online giá rẻ quá,,,,https://cdn.tgdd.vn/Products/Images/86/308333/chuot-bluetooth-silent-dareu-lm115b-thumb-5-600x600.jpg,,220000,10800,2376000000,Chuột Bluetooth Silent DareU LM115B,10800,2376000000
1778080426-79,https://www.thegioididong.com/chuot-may-tinh#c=86&o=13&pi=4,555.000₫,Chuột sạc Không dây Gaming Rapoo V300 SE,• Đã bán 990,675.000₫,-17%,So sánh,,5,,,,,https://cdnv2.tgdd.vn/mwg-static/tgdd/Products/Images/86/330651/chuot-sac-khong-day-gaming-rapoo-v300-se-041024-033528-124-600x600.jpg,,555000,990,549450000,Chuột sạc Không dây Gaming Rapoo V300 SE,990,549450000
1778080426-80,https://www.thegioididong.com/chuot-may-tinh#c=86&o=13&pi=4,125.000₫,Chuột Không dây Zadez M325 Tuxedo,"• Đã bán 70,3k",195.000₫,-35%,So sánh,,4.9,,,,,https://cdn.tgdd.vn/Products/Images/86/151027/chuot-khong-day-zadez-m325-thumb-600x600.jpg,,125000,70300,8787500000,Chuột Không dây Zadez M325 Tuxedo,70300,8787500000
1778080426-81,https://www.thegioididong.com/chuot-may-tinh#c=86&o=13&pi=4,2.235.000₫,Chuột sạc Bluetooth Silent Logitech MX Master 3s,• Đã bán 310,2.935.000₫,-23%,So sánh,,5,,,,,https://cdn.tgdd.vn/Products/Images/86/326659/chuot-bluetooth-silent-logitech-mx-master-3s-xam-600x600.jpg,,2235000,310,692850000,Chuột sạc Bluetooth Silent Logitech MX Master 3s,310,692850000
1778080426-82,https://www.thegioididong.com/chuot-may-tinh#c=86&o=13&pi=4,3.390.000₫,Chuột sạc Không dây Gaming Razer Viper V3 Pro,• Đã bán 50,4.290.000₫,-20%,So sánh,,5,Online giá rẻ quá,,,,https://cdnv2.tgdd.vn/mwg-static/tgdd/Products/Images/86/357719/chuot-sac-khong-day-gaming-razer-viper-v3-pro-thumb-638967440293053901-600x600.jpg,,3390000,50,169500000,Chuột sạc Không dây Gaming Razer Viper V3 Pro,50,169500000
1778080426-83,https://www.thegioididong.com/chuot-may-tinh#c=86&o=13&pi=4,1.490.000₫,Chuột sạc Bluetooth Gaming Machenike L8 Pro Tri-Mode 2K,• Đã bán 5,1.590.000₫,-6%,So sánh,,5,,,,,https://cdnv2.tgdd.vn/mwg-static/tgdd/Products/Images/86/361809/chuot-sac-bluetooth-gaming-machenike-l8-pro-tri-mode-2k-thumb-639041601332567505-600x600.jpg,,1490000,5,7450000,Chuột sạc Bluetooth Gaming Machenike L8 Pro Tri-Mode 2K,5,7450000
1778080426-84,https://www.thegioididong.com/chuot-may-tinh#c=86&o=13&pi=4,70.000₫,Chuột Có dây Gaming MicroPack M-101 - Đen,• Đã bán 36,90.000₫,-22%,So sánh,,5,Online giá rẻ quá,,Deal Sốc Giảm Sâu,,https://cdnv2.tgdd.vn/mwg-static/dmx/Products/Images/86/362430/chuot-co-day-gaming-micropack-m-101-den-thumb-639056508167814254-300x300.jpg,https://cdnv2.tgdd.vn/mwg-static/common/Campaign/96/73/96739070a6602202918357318f04a999.png,70000,36,2520000,Chuột Có dây Gaming MicroPack M-101 - Đen,36,2520000
1778080426-85,https://www.thegioididong.com/chuot-may-tinh#c=86&o=13&pi=4,430.000₫,Chuột Bluetooth Silent MicroPack ML-203W - Cam,• Đã bán 6,560.000₫,-23%,So sánh,,5,Online giá rẻ quá,,Deal Sốc Giảm Sâu,,https://cdnv2.tgdd.vn/mwg-static/tgdd/Products/Images/86/362436/chuot-bluetooth-silent-micropack-ml-203w-cam-thumb-639057960673758236-600x600.jpg,https://cdnv2.tgdd.vn/mwg-static/common/Campaign/96/73/96739070a6602202918357318f04a999.png,430000,6,2580000,Chuột Bluetooth Silent MicroPack ML-203W - Cam,6,2580000
1778080426-86,https://www.thegioididong.com/chuot-may-tinh#c=86&o=13&pi=4,510.000₫,"Chuột Có dây Gaming Dareu EM950
                Mẫu mới",• Đã bán 10,560.000₫,-8%,So sánh,,5,,Mẫu mới,,Mẫu mới,https://cdnv2.tgdd.vn/mwg-static/tgdd/Products/Images/86/365036/chuot-co-day-gaming-dareu-em950-den-thumb-639110903320188250-600x600.jpg,,510000,10,5100000,"Chuột Có dây Gaming Dareu EM950
                Mẫu mới",10,5100000
1778080426-87,https://www.thegioididong.com/chuot-may-tinh#c=86&o=13&pi=4,440.000₫,"Chuột Bluetooth Akko Cat Theme Mouse Calico
                Mẫu mới",• Đã bán 6,480.000₫,-8%,So sánh,,5,,Mẫu mới,,Mẫu mới,https://cdnv2.tgdd.vn/mwg-static/tgdd/Products/Images/86/366048/chuot-bluetooth-akko-cat-theme-mouse-calico-trang-thumb-639123601611434530-600x600.jpg,,440000,6,2640000,"Chuột Bluetooth Akko Cat Theme Mouse Calico
                Mẫu mới",6,2640000
1778080426-88,https://www.thegioididong.com/chuot-may-tinh#c=86&o=13&pi=4,105.000₫,Chuột Có dây MicroPack M-105 - Xanh lá,• Đã bán 3,130.000₫,-19%,So sánh,,5,Online giá rẻ quá,,Deal Sốc Giảm Sâu,,https://cdnv2.tgdd.vn/mwg-static/dmx/Products/Images/86/362442/chuot-co-day-gaming-micropack-m-105-xanh-la-thumb-639057106754272057-300x300.jpg,https://cdnv2.tgdd.vn/mwg-static/common/Campaign/96/73/96739070a6602202918357318f04a999.png,105000,3,315000,Chuột Có dây MicroPack M-105 - Xanh lá,3,315000
1778080426-89,https://www.thegioididong.com/chuot-may-tinh#c=86&o=13&pi=4,245.000₫,Chuột Không dây Silent Rapoo M310,"• Đã bán 4,3k",,,So sánh,,4.9,,,,,https://cdn.tgdd.vn/Products/Images/86/311110/chuot-khong-day-silent-rapoo-m310-thumb-1-600x600.jpg,,245000,4300,1053500000,Chuột Không dây Silent Rapoo M310,4300,1053500000
1778080426-90,https://www.thegioididong.com/chuot-may-tinh#c=86&o=13&pi=4,2.190.000₫,Chuột sạc Bluetooth Silent Logitech MX Master 3S For Mac,• Đã bán 134,2.935.000₫,-25%,So sánh,,5,Online giá rẻ quá,,,,https://cdnv2.tgdd.vn/mwg-static/tgdd/Products/Images/86/326660/chuot-bluetooth-logitech-mx-master-3s-for-mac-xam-600x600.jpg,,2190000,134,293460000,Chuột sạc Bluetooth Silent Logitech MX Master 3S For Mac,134,293460000
1778080426-91,https://www.thegioididong.com/chuot-may-tinh#c=86&o=13&pi=4,780.000₫,Chuột Có dây Gaming HP HyperX Pulsefire Haste II,• Đã bán 66,1.070.000₫,-27%,So sánh,,5,Online giá rẻ quá,,,,https://cdn.tgdd.vn/Products/Images/86/327803/chuot-co-day-gaming-hp-hyperx-pulsefire-haste-ii-600x600.jpg,,780000,66,51480000,Chuột Có dây Gaming HP HyperX Pulsefire Haste II,66,51480000
1778080426-92,https://www.thegioididong.com/chuot-may-tinh#c=86&o=13&pi=4,640.000₫,Chuột sạc Bluetooth Rapoo MT760 Mini,"• Đã bán 1,2k",880.000₫,-27%,So sánh,,4.9,Online giá rẻ quá,,,,https://cdn.tgdd.vn/Products/Images/86/328218/chuot-sac-bluetooth-rapoo-mt760-mini-270824-053546-600x600.jpg,,640000,1200,768000000,Chuột sạc Bluetooth Rapoo MT760 Mini,1200,768000000
1778080426-93,https://www.thegioididong.com/chuot-may-tinh#c=86&o=13&pi=4,3.190.000₫,Chuột Bluetooth Gaming Logitech Pro X Superlight 2C,• Đã bán 11,3.890.000₫,-17%,So sánh,,5,,,,,https://cdnv2.tgdd.vn/mwg-static/tgdd/Products/Images/86/356831/chuot-bluetooth-gaming-logitech-pro-x-superlight-2c-thumb-2-638975001253781933-600x600.jpg,,3190000,11,35090000,Chuột Bluetooth Gaming Logitech Pro X Superlight 2C,11,35090000
1778080426-94,https://www.thegioididong.com/chuot-may-tinh#c=86&o=13&pi=4,2.010.000₫,Chuột sạc Không dây Gaming Razer DeathAdder V3 HyperSpeed,• Đã bán 3,2.590.000₫,-22%,So sánh,,5,Online giá rẻ quá,,,,https://cdnv2.tgdd.vn/mwg-static/tgdd/Products/Images/86/357689/chuot-sac-khong-day-gaming-razer-deathadder-v3-hyperspeed-thumb-638962038237822580-600x600.jpg,,2010000,3,6030000,Chuột sạc Không dây Gaming Razer DeathAdder V3 HyperSpeed,3,6030000
1778080426-95,https://www.thegioididong.com/chuot-may-tinh#c=86&o=13&pi=4,3.790.000₫,Chuột sạc Không dây Gaming Razer DeathAdder V4 Pro,• Đã bán 7,4.690.000₫,-19%,So sánh,,5,Online giá rẻ quá,,,,https://cdnv2.tgdd.vn/mwg-static/tgdd/Products/Images/86/357692/chuot-sac-khong-day-gaming-razer-deathadder-v4-pro-thumb-638962081543766837-600x600.jpg,,3790000,7,26530000,Chuột sạc Không dây Gaming Razer DeathAdder V4 Pro,7,26530000
1778080426-96,https://www.thegioididong.com/chuot-may-tinh#c=86&o=13&pi=4,710.000₫,Chuột không dây Gaming RAZER Orochi V2 - Trắng,• Đã bán 6,890.000₫,-20%,So sánh,,5,Online giá rẻ quá,,,,,,710000,6,4260000,Chuột không dây Gaming RAZER Orochi V2 - Trắng,6,4260000
1778080426-97,https://www.thegioididong.com/chuot-may-tinh#c=86&o=13&pi=4,550.000₫,Chuột không dây Dell MS3320W - Hồng,• Đã bán 5,650.000₫,-15%,So sánh,,5,Online giá rẻ quá,,,,,,550000,5,2750000,Chuột không dây Dell MS3320W - Hồng,5,2750000
1778080426-98,https://www.thegioididong.com/chuot-may-tinh#c=86&o=13&pi=4,560.000₫,Chuột Bluetooth Silent MicroPack MP-V03W - Đen,• Đã bán 1,730.000₫,-23%,So sánh,,,Online giá rẻ quá,,Deal Sốc Giảm Sâu,,,,560000,1,560000,Chuột Bluetooth Silent MicroPack MP-V03W - Đen,1,560000
1778080426-99,https://www.thegioididong.com/chuot-may-tinh#c=86&o=13&pi=4,105.000₫,Chuột Có dây MicroPack M-105 - Hồng,• Đã bán 3,130.000₫,-19%,So sánh,,5,Online giá rẻ quá,,Deal Sốc Giảm Sâu,,,,105000,3,315000,Chuột Có dây MicroPack M-105 - Hồng,3,315000
1778080426-100,https://www.thegioididong.com/chuot-may-tinh#c=86&o=13&pi=4,160.000₫,Chuột không dây Silent MicroPack MP-712W - Đen,• Đã bán 2,200.000₫,-20%,So sánh,,,Online giá rẻ quá,,Deal Sốc Giảm Sâu,,,,160000,2,320000,Chuột không dây Silent MicroPack MP-712W - Đen,2,320000
